麻黄,麻黄汤,治感冒、恶寒、发热、关节痛、风疹瘙痒、水肿表证
紫苏,加味香苏散,治风寒感冒、妊娠气胀、水肿、癣症，气滞胸闷、便秘
防风,防风通圣散,治风寒感冒、头风头痛、风寒湿痹、妇女崩漏、腹痛泄泻、自汗盗汗、白虎风、破伤风、阴道炎
生姜,生姜泻心汤,治中恶昏倒、中风痰迷、痰多咳嗽、劳嗽、癞疮、妊娠呕吐、产后尿潴留
羌活,九味羌活汤,治风寒感冒、头风头痛、风湿痹痛、扁桃腺炎、伤寒病、冠心病
苍耳子,苍耳子散,治风寒头痛、风寒湿痹、大麻风
柽柳,竹叶柳蒡汤,治麻疹不透、感冒、吐血、黄疸型肝炎、鼻咽癌
桂枝,桂枝茯苓汤,治感冒风寒、胸痹心痛、心血亏虚、风寒湿痹、妇女闭经、老年低血压
白芷,五积散,治风寒感冒、头风头痛、风湿痹痛、牙痛、鼻渊、风湿疹痒、寒湿带下、痈疽疮毒、烧伤
荆芥,川芎茶调散,治外感风热、风寒、头痛、咽痛、风疹瘙痒、麻疹不透、吐血衄血、便血崩漏
藁本,羌活胜湿汤,治外感风寒、头痛、腹痛、寒湿痹痛、胃痉挛、头屑
葱白,葱白七味饮,治外感风寒、咳嗽、阴囊肿痛、手足冻疮
胡荽,散寒止咳汤,治感受风寒、麻疹不透、风寒湿痹、咳嗽、小儿疳积、颈部淋巴结核
细辛,苓甘五味姜辛汤,治风寒感冒，头风头痛、风湿痹痛、神志昏迷、牙痛、鼻渊、慢性气管炎
薄荷,甘露消毒丹,治风寒温病、头痛目赤、腹痛吐泻、麻疹不透、骨蒸劳热、风疹、瘰疠
菊花,羚角钩藤汤,治外感风热、目赤头痛、眼目昏花、病后生翳、眉棱骨痛
葛根,葛根黄连汤,治栓塞性脑卒中、恶寒发热、麻疹不透、脾虚泄泻、急性肠梗阻
柴胡,大柴胡汤,治疟疾、盗汗、黄疸型肝炎、久泻脱肛、子宫脱垂
牛蒡子,牛蒡解肌汤,治外感风热、喉痹、麻疹不透、伤风、肺热咳嗽、百日咳、风疹
桑叶,桑菊饮,治感冒咳嗽、肺热咳嗽、肝阳眩晕、肺热咳血、头目晕眩、急性结膜炎
蔓荆子,蔓荆子汤,治风热头痛、目赤肿痛、齿龈肿痛、风湿痹痛
淡豆豉,葱豉桔梗汤,治外感风寒、温病初起，阴茎生苍
升麻,升麻葛根汤,治麻疹、肺痈、痔疮、脱肛、妇女血崩、子宫下垂、鼻窦炎、细菌性痢疾、眼肌型重症肌无力、火毒痈肿
浮萍,麻黄汤,治外感风热、水肿、汗斑、阴茎溃烂、急慢性荨麻疹
木贼,大黄当归散,治目赤、肾炎、肺痨、慢性肝炎、痔疮、水肿、脚气浮肿、扁症疣、外伤出血
辛夷花,加味苍耳散,治外感头痛、鼻漏、鼻渊、鼻炎、头面肿痒
蝉衣,消风散,治肺痈咳嗽、癫痫、麻疹、小儿惊风、风疹、破伤风、小儿麻痹症、妊娠子痫、小儿睾丸鞘膜积液
杨柳枝,柳枝汤,治痰热淋疾、疳积、肾囊风、四肢强直、癣疮、癞疮
大豆卷,薯蓣丸,治暑温、湿温、感冒发热、湿痹、水肿胀满
一 支黄花,消斑膏3号,治感冒、食滞腹胀、麻疹、疳积、腹痛泄泻、劳伤吐血、外阴白色病变
鹅不食草,碧云散,治感冒鼻塞、鼻渊、霍乱、黄疸、疳积、过敏性鼻炎、骨折、口眼歪邪
黄荆叶,黄荆解署丸,治感冒、中暑、小儿惊风、停奶乳胀、黄肿、风湿关节痛、钩虫病
芸香草,灵验回生丹,治伤暑感冒、寒痰喘咳、风寒湿痹、鹤膝风
石膏,石膏汤,治高热神昏、发斑发疹、喘促咳嗽、头痛、牙痛、喉风、湿疹、皮肤瘙痒
知母,达原饮,治温疫疟疾、高热烦渴、内热消渴、肺热燥咳、肠燥便秘、阴伤癃闭、骨蒸劳热
栀子,栀子豉汤,治高热实火、热毒尿血、湿热黄疸、吐血衄血、风湿骨痛、急性胃肠炎、痔核、早期食道癌
夏枯草,桔梗杏仁煎,治瘿瘤、瘰疬、感冒头痛、肝火上升、肿毒、目赤肿痛、肺痈吐血、低热盗汗
芦根,连朴饮,治麻疹、百日咳、肺痈、肺痿、霍乱吐泻
天花粉,玉液汤,治内热消渴、肺热咳血、糖尿病、乳腺炎、疮痈肿毒、杨梅疮，胃、十二指肠溃疡
鸭跖草,通阻4号,治淋病、腹水、痢疾、高血压、手指蛇头疔、流行性腮腺炎、输卵管不通
寒水石,紫雪丹,治温病、暑热烦渴、五脏积热、牙齿出血、宫颈糜烂、外伤感染
决明子,石斛夜光丸,治风热头痛、目赤涩痛、急性结膜炎、夜盲症、高血压、高血脂、冠心病、慢性肝炎
密蒙花,应验打志丹,治肝火上攻、目赤肿痛、青盲翳障
青葙子,复方降压散,治目赤翳障、夜盲、慢性葡萄膜炎、急性结膜炎、妇女白带、高血压
石龙芮,肉苁蓉散,治疟疾、头晕失眠、虚寒牙痛、妇女白带
夜明砂,布袋丸,治赤眼内障、青盲雀目、寒热积聚、疟疾、狐臭
熊胆,梅花点舌丹,治目赤肿痛、发热抽搐、癫痫、热毒疮疡
蕤仁,内障丸,治眼目昏暗、怕光羞明、翳膜、赤烂眼、白内障
淡竹叶,清瘟败毒饮,治外感风热、发烧头痛、神昏谵语、热淋、尿血、中暑
茶叶,茶调散,治风热头痛、各种喉症、火眼赤痛、小便不利、酒精、铅中毒
谷精草,川芎银花汤,治目赤肿痛、头风、翳障、脑风头痛、疳积、角膜软化症
蚕豆花,,治肺热咳嗽、痰中带血、水肿、血热漏下、小便黄赤、酒醉不醒
竹叶,竹叶石膏汤,治感冒、风热发烧、小便短赤、热渴、诸淋、伤寒湿病
黄芩,普济消毒饮,治暑温、湿热、咽喉肿痛、肺热咳嗽、黄疸、泻痢、火毒疮疡、胎动不安、腮腺炎
黄连,黄连解毒汤,治热病神昏、湿热下痢、血热吐衄、胃热呕吐、火毒疮疡、痈疽疔疮
黄柏,大补阴丸,治湿热黄疸、泻痢、带下、足膝肿痛、湿疹瘙痒、骨蒸劳热、盗汗、遗精、痈肿疮毒
龙胆草,龙胆泻肝汤,治湿热黄疸、目赤肿痛、筋痿肋痛、肾囊溃破、小便淋浊、乳腺炎
苦参,三物黄芩汤,治湿疹、湿热下痢、黄疸、大便下血、疥癣麻风、脂溢性皮炎
白鲜皮,消斑膏4号,治湿疹湿疮、风湿热痹、疥癣麻风、湿热黄疸、皮肤瘙痒
冬瓜子,大黄牡丹汤,治肺痈、肠痈、痰热咳嗽、消渴、急性阑尾炎、盆腔炎
胡黄连,金蟾丸,治肺结核、痢疾、吐血衄血、小儿疳积
秦皮,白头翁加甘草阿胶汤,治湿热下痢、肝热目赤、湿热阴痒、麦粒肿、妇女赤白带下
积雪草,六味护肝汤,治吐血崩中、肚腹胀痛、中暑腹泻、尿路结石、黄疸型肝炎、蛇咬伤
肾厥,厥麦利喉汤,治痢疾、小便淋浊、喉炎、扁桃体炎、淋巴结核、子宫脱垂
紫花地丁,五味消毒饮,治湿热肠痈、化脓性感染、淋巴结核、肠炎痢疾、喉痹、血尿、前列腺炎、腮腺炎、痈疽疔疮
蚌粉,消肿毒方,治诸疮痈疽、痰饮咳嗽、涎块积聚
马蹄草,,治肝炎、胆囊炎、感冒、中暑、跌伤扭伤
牛筋草,千金荔枝汤,治湿热黄疸、腰痛、乳痈、疝气
犀角,犀角地黄汤,治外感热病、肺炎、黄疸、咽喉肿痛、小儿疱疹、赤眼肿痛、斑疹吐血
水牛角,轻身一号,治肥胖症、赤秃脱发、牛程足蹇、鼻炎、鼻窦炎、膀胱炎、盆腔炎
生地,清营汤,治外感热病、内热消渴、吐衄下血、高热痉挛、羊奶痔、骨蒸劳热
玄参,增液承气汤,治温病、阴虚、三焦积热、瘰疠、痈肿疮毒、咽喉肿痛
丹皮,温经汤,治外感热病、阴虚发热、瘀血闭经、肠痈、火毒疮疡、跌打损伤、高血压、血管硬化、阑尾炎
赤芍,保命集,治血热血瘀、痛经闭经、目赤肿痛、赤痢、痈疖疮毒
紫草,清解透表汤,治斑疹、热疮、痈肿溃疡、火伤、冻伤、流感、流脑、小儿胎毒、过敏性紫癜
白茅根,凤尾草合剂,治肺热咳血、热证出血、吐血、鼻衄、反胃、黄疸、百日咳、热淋、肾炎
鬼针草,白针木香饮,治阑尾炎、黄疸、疟疾、肝炎、偏头痛
白薇,加减葳蕤汤,治肺实鼻塞、体虚低烧、尿道感染、遗精
银柴胡,清骨散,治骨蒸劳热、小儿疳热、皮肤甲错、过敏性鼻炎
丝瓜络,清络饮,治乳痈、胸胁痛、关节酸痛、老年斑
四季青,四季通瘀汤,治感冒、痢疾、胆道感染、肾孟肾炎、烧烫伤、小儿肺炎、上呼吸道感染
莲子心,壮阳丹,治热病神昏、遗精、高血压
火炭母草,感冒合剂,治感冒、湿热黄疸、赤白痢疾、妇女带下、角膜云翳、湿疹、霉菌性阴道炎
地锦草,加减真武汤,治黄疸、痢疾、崩漏、刀伤出血、痈肿恶疮
拳参,,治感冒、痢疾、扁桃体炎、淋巴腺肿大、疮疖痈毒
金银花,四妙勇安汤,治热淋、肠痈、外感风寒、乳腺炎、乳岩、骨髓炎、胆道感染
连翘,银翘散,治感冒风寒、温病初起、小儿发热、乳痈乳核、瘰疠结核、痈肿疮毒、尿赤淋痛
大青叶,感冒二方,治热病热毒、感冒、咽喉唇肿、麻疹、肺炎、肝炎、淋巴腺炎、脑膜炎、脑热耳聋
鱼腥草,金青感冒片,治感冒、高热、肺痈、肠炎、血淋、小儿惊风、痧症腹胀、支气管炎、痈肿、痔疮
败酱草,薏苡附子败酱散,治肠痈、便秘、赤眼障痛、产后腰痛、脓疮溃疡
马齿苋,马防地丁散,治热毒血痢、痔疮出血、甲疽、耳疮、钩虫病、肾结核、破伤风
鸦胆子,鸦胆子液,治内痔、疟疾、鸡眼、寻常疣、滴虫性阴道炎
射干,甘露消毒丹,治喉痹、咽喉肿痛、咳嗽气喘、产前产后腹痛、狂犬病、慢性声音嘶哑
漏芦,乳一方,治乳房肿胀、月经不调、阴疹、疮疥、腮腺炎、瘰疠
蒲公英,双天膏,治乳痈 热淋 湿热黄疸 胃炎 肝炎 目赤肿痛、盆腔炎、痈肿疔毒、瘰疠结核、化脓性感染、麦粒肿
青黛,咳血方,治咳血咯血、暑热惊痫、温毒发斑、火热疮毒、口舌生疮、耳疳流脓、痄腮、风眼
白头翁,白头翁汤,治热毒血痢、疟疾、休息痢、肺痨、腰痛、瘰疠、百日咳、小儿抽筋
马勃,羌蒡蒲荷汤,治感冒、咳嗽、失音、腮腺炎、扁桃体炎、吐衄
马尾连,清肝退黄汤,治肠炎痢疾、湿热呕吐、小儿伤风、扁桃体炎、痈肿疮疖、口舌生疮
橄榄,消音丸,治咽喉肿痛、咳嗽痰血、肠风下血、扁桃体炎、流脑
板兰根,神犀丹,治腮腺炎、感冒、流脑、大头瘟、痄腮、肝硬化、上呼吸道感染、甲肝
土茯苓,复方消炎丸,治湿热疮毒、梅素、阴道滴虫炎、小儿疳积、杨梅风、筋骨风、盆腔炎
白蔹,滑膜炎散,治黄褐斑、粉刺、白癜风、瘰疠、?耳、烫伤、冻疮、滑囊炎、粘液囊炎
穿心莲,穿黄通瘀汤,治肺炎、胆囊炎、蜂窝组织炎、阑尾炎、扁桃腺炎、咽喉炎、结节性脉管炎
贯众,加减雷击散,治吐血衄血、流感、流脑、麻疹、肝炎、转氨酶增高、涤虫、蛔虫、钩虫病
虎耳草,五草败毒散,治高烧、中暑、外伤流血、中耳炎、荨麻珍、肿胀、虎头蜂螫伤
酸模,酸模汤,治吐血、便血、崩漏、胃溃疡、目赤、咽喉肿痛
仙人掌,,治胃、十二指肠溃疡，乳房肿痛、腮腺炎、疮疖痈肿、肠痔泻血
无花果,仙人草合剂,治风湿麻木、痔疮、痈疽、食欲减退、乳汁不足
酢浆草,挫伤止痛方,治疟疾、痢疾、肠炎、风湿痛、丹毒、烧烫伤、腰带疮、扭伤挫伤
〓草,〓草百部膏,治肺结核、慢性气管炎、大便出血、尿血、目赤、肿痛
一点红,红葛薄荷汤,治白喉、肾炎、红眼、紫癜、痈肿疮疖
八角莲,鬼臼丸,治症瘕、腹痛、瘰疠、痈疽疔疮、淋巴结核、虫咬伤、蜂螫伤、腮腺炎
九里光,附睾炎敷剂,治败血症、梅毒、痔疮、胃肠炎、结膜炎、过敏性皮炎、火眼、鹅掌风、附睾炎
十大功劳,内伤神效汤,治感冒、咳嗽吐血、肠炎痢疾、关节炎、湿疹疮毒、肝炎、扁桃体炎 支气管炎、膀胱炎、腹胀
天葵子,逐瘀消瘤汤,治乳腺炎、子宫肌瘤、淋症、淋巴结核、疔疮、气管炎、一切肿毒、毒蛇咬伤
翻白草,多味翻白草汤,治疖肿、腹胀、痢疾、咳嗽、白带
救必应,救必应散,治胃痛，胃、十二指肠溃疡，肝炎、痧症、跌打肿痛
蟑螂,蟑螂解毒方,治喉蛾、梅毒、臌胀、吐血、对口疮、扁桃体肿大、红丝疔
野烟,,治风湿关节痛、瘰疠、蛇咬伤、无名肿毒
虎杖,肺炎饮,治肝炎、肺炎、支气管炎、风湿痹痛、腿脚转筋、肠梗阻、狂犬病、妇女闭经、便秘、下疳
委陵菜,祛风药酒,治痢疾、白带、便血、风湿瘫痪、骨髓炎、多发性疖肿
金荞麦,治肺痈,肺热咳嗽、瘰疠、肺结核、胸膜炎、骨结核、疳积
地骨皮,泻白散,治血热吐衄、骨节烦热、肺热喘咳、月经先期、消渴、皮肤蒸热
乌韭,乌白解毒汤,治黄疸肝炎、咳嗽、结膜炎、食物、药物、农药中毒、婴幼儿湿疹
忍冬藤,小儿舒筋汤,治肠痈、乳痈、刀伤恶疮、风湿性关节炎、痈疽、小儿髋关节滑膜炎
芙蓉花,芙蓉四黄散,治痈疽肿毒、虚劳咳嗽、经血不止、跌打暗伤、鱼口横痃、脱臼、淋巴结核
蛇含草,蛇含草合剂,治小儿惊风、痔疮、疮毒、伤风咳嗽、乳腺炎、毒蛇咬伤
六月雪,雪斑解毒剂,治肝炎、目赤肿痛、痢疾、偏头风、腰痛、皮肤痛、狂犬病、指头炎
文殊兰,,治乳腺癌、跌伤骨折、腋窝肿大、痈肿、横痃
称星树,,治偏正头痛、头目晕眩、内痔便血、砒霜、野菌中毒
匍伏堇,,治烫伤、鹅口疮、久咳失音、小便不通、疥疮、半夏中毒
西瓜翠衣,清暑益气汤,治暑热尿赤、黄疸、肾炎水肿、小儿夏季热
荷叶,四生饮,治湿温初起、暑湿泻痢、吐血衄血、痧症、肥胖症、小儿痱子、崩中下血
青蒿,青蒿鳖甲汤,治阴虚发热、气机不畅、疟疾、暑热
香薷,新加香薷饮,治暑温初起、霍乱、水肿、脚气、阴部湿痒
藕,消渴方,治热淋、吐血、衄血、产后血瘀、口渴、失眠
绿豆,翘荷汤,治痈疽、丹毒、热毒疔疮、小便小通、暑热烦渴、附子中毒
独活,独活寄生汤,治风寒湿痹、颈项酸痛、头风头痛、惊瘫、痈疽、历节风
威灵仙,,祛风换肌丸、治风寒湿痹、风湿瘫痪、肠风、破伤风、便毒、痰积、角膜炎、脂溢性脱发
秦艽,身痛逐瘀汤,治中风、风寒湿痹、骨蒸劳热、小儿疳积、黄疸、咳嗽、盗汗
木瓜,实脾饮,治风湿、腰膝酸痛、胃肠炎、赤白痢疾、肾炎、心脏病水肿
桑寄生,妇更饮,治风寒湿邪、风湿痹痛、胎动不安、高血压、更年期综合症
五加皮,十精丸,治风寒湿痹、脚气浮肿、皮肤水肿、小儿行迟、小便淋漓、鹤膝风
蚕砂,蚕矢汤,治风湿痹痛、暑湿伤中、霍乱、湿疹、外感头痛、抗链“O”增高
徐长卿,消斑丸2号,治风湿、腰痛、痧症呕吐、经期腹痛、外阴白色病变
海桐皮,万灵丸,治风湿痹痛、跌打损伤、骨折、疥癣、梅毒
海风藤,腰脊痹痛丸,治风湿痹痛、跌打肿痛、风湿关节炎、肥大性腰脊炎、支气管哮喘
络石藤,阿胶鸡子黄汤,治风湿痹痛、关节炎、痈肿疮毒、筋脉挛急
松节,风湿药酒方,风寒湿痹、风湿关节炎、历节风痛、齿风疼痛、稻田皮炎
桑枝,风湿一方,治膝关节炎、骨髓炎、紫癜风、高血压、目痛
臭牡丹,大红袍汤,治跌打损伤、肺痈、咯血、丝虫病、钩虫病、内外痔、结肠炎、头痛、疔疮
豨莶草,首乌延寿丹,治中风瘫痪、皮肤风疹、肝炎、感冒、脑膜炎、发背疔疮
千年健,正膏止痛汤,治风寒湿痹、风气痛、胃痛
虎骨,牛膝煎丸,治风寒湿痹、历节风、骨折、惊悸健忘、荨麻疹
白花蛇,白花蛇散,风湿痹痛、脑风头痛、麻风疥癣、破伤风、面瘫、杨梅疮、大风病
接骨木,接骨丸,治筋骨折伤、关节炎、偏瘫、肾炎
木防己,木防己汤,治风湿关节痛、湿疹、湿疮、小便不利、痰饮、皮肤水肿、淋病、疔疮肿毒
草乌,小活络丹,治风湿痹痛、关节炎、头风头痛、面神经麻痹、破伤风、痈肿疮毒、手术麻醉
枫树,十味祛风酒,治风湿痹痛、关节炎、腰腿痛、偏正头痛、疮毒不收、绝育手术后月经稀少
伸筋草,舒筋活血片,治风寒湿痹、小儿麻痹后遗症、关节痛、水肿、跌打损伤
石南叶,正阳丸,治风湿麻木、脚膝酸软、头风头痛、鼠瘘、妇女神经性偏头痛、小儿跌撞头脑
柳叶,柳叶汤,治关节炎、气管炎、膀胱炎、肝炎、风火牙痛、眉毛脱落
老鹳草,平喘膏,风湿骨痛、腰胀腹痛、肠炎痢疾、支气管哮喘、腰扭伤
透骨草,风湿灵合剂,风湿性关节炎、风气痛、阴囊湿疹、疝气、痤疮、无名肿毒
常春藤,春风药酒,治风湿瘫痪、口眼歪邪、肝炎
穿山龙,截疟汤,治风湿痹痛、跌打损伤、疟疾、热痰咳嗽、痈肿恶疮
矮地茶,荆地麻黄汤,治风湿腰痛、目赤肿痛、肺结核、肝炎、哮喘、皮肤瘙痒
虎刺,寿星蔗须汤,治肝硬化腹水、肝炎、脾虚浮肿、喉痛、感冒头痛、月经不调
龙须藤,九龙健胃汤,治风湿关节痛、偏瘫、小儿疳积，胃、十二指肠溃疡
石南藤,石南八仙汤,治风湿痛、热淋、感冒、牙龈肿痛
南蛇藤,金银通经汤,治风湿痹痛、肠风痔漏、小儿惊风、妇女闭经、发痧腹痛
鸡矢藤,温胃汤,治风湿筋骨痛、骨髓炎、妇女症瘕、白带、疮疡溃烂、偏正头风、孕妇呕血、寸白虫、胃寒腹痛
白牛胆,羊耳活络汤,治风湿骨痛、腰腿痛、胆囊炎、胆结石、风寒咳嗽、妇女崩漏
八角枫,八角杜仲汤,治风湿瘫痪、鹤膝风、脚筋紫胀、大头风、腹胀、食积、经闭
千金藤,千金利水汤,治风湿麻木、关节炎、鹤膝风、脚气肿胀、腮腺炎、皮炎
香加皮,香木壮骨散,风湿关节炎、脚痿行迟、水肿、小便不利
辣椒,治风湿关节炎,伤风感冒、偏头痛、流泪、痢积水泻
闹羊花,风痹散,治左瘫右痪、恶风湿痹、跌打损伤、血风疼痛、手术麻醉
松叶,松桉消炎合剂,治风寒湿痹、风湿顽癣、历节风痛、流脑、气管炎、附睾炎、产后血痨、老虎咬伤
棉子,长春丸,治瘫痪诸风、半身不遂、心腹痛、久咳吐血、乳汁不通、男子不育、子宫出血，风、虫牙痛
茵芋,茵芋丸,治手足枯痹、风气积滞、产后中风
臭梧桐,祛风汤,治关节炎、内外痔疮、半边头痛、高血压、半身不遂
莽草,莽草散,治风湿痹痛、腰脊劳损、肩周炎、扭伤、疮毒
夏天无,紫堇降压汤,治中风偏瘫、各型高血压、乳腺炎
寻骨风,加味木瓜汤,治风湿关节痛、风湿热、痈肿、胃痛、小儿麻痹后遗症
乌梢蛇,硇砂丸,治风湿顽痹、疥癣、麻风、破伤风、紫白癜风、小儿惊风
守宫,天龙散,治瘫痪、历节风、淋巴结核、窦道、破伤风、反胃膈气、惊痫
破骨风,破骨风汤,治风湿关节炎、腰痛、风寒头痛、无名肿毒
茄子根,茄苈止咳合剂,治风湿痹痛、癌症发热、久痢不止、牙痛、百日咳
柏皮,治头顶痛,吐血、鼻渊、水肿、疥疮癣癞
地下明珠,,治筋骨冷痛、腰痛、偏头痛、刀斧砍伤、疟疾、眼中星翳
枸骨,,治风湿腰痛、关节痛、乳头肿痛、白癜风、百日咳、咳血、头痛、牙痛
蓖麻根,,治风湿骨痛、破伤风、瘰疠、癫痫
野花椒,,治风湿骨痛、中风、小儿惊风、腹胀疼痛、白喉
大黄,温脾汤,治肠胃积滞、便秘腹痛、湿热黄疸、肠痈腹痛、吐衄便血、下痢腹痛、妇女经闭、肾衰、急性肝炎、肺炎、尿毒症、胰腺炎、精神分裂症、水火烫伤、涤虫
芒硝,凉膈散,治肠风脏毒、大便燥结、肠痈腹痛、咽喉肿痛、痔疮、冻疮、脚出汗
番泻叶,实泻导滞汤,治积食停滞、热结便秘、水肿腹胀、急性胰腺炎、出血热
芦荟,更衣丸,治习惯性便秘、大便不通、臌胀病、小儿疳积、头晕头痛、小儿急惊风
辣蓼,消炎驱虫汤,治肠炎痢疾、口臭、便秘、滴虫性肠炎、跌打肿痛，毒蛇、蜈蚣、黄蜂咬伤
火麻仁,麻子仁丸,治大便干结、痔疮便秘、血虚津枯、产后多汗、腹中瘀血、寸白虫
郁李仁,五仁丸,治四肢浮肿、肠燥便秘、小便不利、产后燥热、水肿、风热气秘
车前草,完带汤,治暑湿泄泻、小便不利、肝热目肿、小儿胎毒、肝炎、风热、痰热咳嗽、斑疹伤寒、小儿惊风
萹蓄,八正散,治血淋、小便刺痛、泄泻、蛔虫、钩虫、蛲虫病
冬瓜皮,利水饮,治水肿胀满、肾炎、肥胖症、冻疮、跌扑损伤、羊水过多症
蝼蛄,内伤急救方,治小便不通、肾炎、水肿、瘰疠
麻油,水火烫伤膏,治初生儿二便不通、梅花癣、痈疽、发背、漏胎难产、老年斑、烧烫伤，抗衰老
望江南,,治习惯性便秘、顽固性头痛、蛇头疔、荨麻疹
甘遂,大陷胸汤,治宿食便秘、水肿胀满、痰饮积聚、小便不通、癫痫、麻木、结胸症
巴豆,走马汤,治寒滞食积、肝硬化腹水、二便不通、白喉、面瘫、晚期血吸虫病、牙痛、暴发急症
大戟,十枣汤,治水肿腹胀、二便不通、晚期血吸虫病、痈肿疮毒、瘰疠痰核、黄疸、胸膜炎、肝硬化腹水
芫花,接骨膏,治二便不通、痰饮喘咳、水肿、虫积腹痛、痈疽流注、疟疾、骨折吐血、疥疮、冻疮
牵牛子,舟车丸,治二便不通、冷气流注、痰饮喘咳、虫积腹痛、肠痈、痢疾、水肿水胀
商陆,疏凿饮子,治水肿、肾炎、消化道出血、梅毒下疳、二便不利
续随子,续随子丸,治水肿胀满、二便不利、妇女经闭、恶疮肿毒、肝硬化、涎积
泽漆,泽膝汤,治水肿胀满、痰水咳喘、瘰疠痰核、骨髓炎、食道癌
苍术,越鞠丸,治外感风寒湿、风寒湿痹、疟疾、痢疾、鼻息肉、夜盲症、毒蛇咬伤、胃炎肝炎、胆囊炎、肋间神经痛
厚朴,连朴饮,治脘腹胀痛、热结便秘、不思饮食、痰多喘咳、黄疸、虫积、梅核气、钩虫病
藿香,藿香正气散,治感冒风寒、脘腹胀满、疟疾、胎动不安、胃肠炎
砂仁,香砂六君子汤,治食积不消、呕恶便泄、痰饮结聚、胎动不安、消化不良
佩兰,藿佩汤,治暑热感冒、胃呆不饥、霉湿秽浊
白豆蔻,三仁汤,治呃逆呕吐、食积、湿温、目生翳障、酒醉不醒
草果,清脾饮,治疟疾、瘟疫、腹胀疼痛、肠胃不和、食少浮肿
草豆蔻,厚朴温中汤,治脾胃虚弱、胃痛、气逆作呕、疟疾、小儿泄泻
茯苓,桂苓甘露散,治水肿胀满、大便溏泻、痰饮眩悸、惊悸失眠、心肾不交、呕吐、霍乱、中暑
泽泻,地黄汤,治湿热黄疸、水肿、热淋、阴汗、口渴、妊娠浮肿、寒湿脚气、腰痛
滑石,六一散,治小便不利、血淋、水泻、湿疹、湿疮、热毒怪病、少腹、阴茎痛、雀斑
木通,导赤散,治湿热脚气、水肿、小便不利、瘀血经闭、乳汁不下、尿血、喉痹、妇女赤白带、筋骨痛
茵陈,茵陈蒿汤,治湿热黄疸、湿疮、传染性肝炎、胆结石、高脂血症、高胆红素血症、新生儿溶血症
金钱草,胆道排石汤,治热淋、石淋、黄疸臌胀、肾炎水肿、湿疹、胆囊炎、胆结石、膀胱结石、肾结石、稻田皮炎、疮疡肿毒
防己,防己黄芪汤,治皮肤水肿、风水浮肿、痰饮、小便不利、遗尿、脚气、热痹关节肿痛、湿疹湿疮、尘肺病、肾炎
通草,当归四逆汤,治乳脉不通、黄肿、肾肿、小便不利、脉管炎、心肌炎、女子输卵管不通、风湿关节炎、胃、十二指肠溃疡
萆薢,萆薢分清饮,治小便频数、女子白带、风湿痹痛、腰痛、脚气、下焦湿疮
赤小豆,赤小豆汤,治水肿胀满、肠痈、黄疸、大便下血、肾炎
地肤子,浮萍麻黄汤,治皮肤湿疮、脓疱疮、淋症、小便不利、过敏性紫癜
陆英,王不留行散,治水肿、小便不利、风湿痹痛、跌打损伤
蛤粉,痄腮方,治水肿、小便不通、遗精、吹乳、胃气痛、腮腺炎
铁蜈蚣,加味菊花饮,治肺炎、肝炎、胃肠炎、乙型脑炎、小儿脱肛
三白草,三白固精汤,治水肿、脚气、泌尿系结石、小便淋痛、妇女带下、遗精、疔疮脓肿
灯心草,木香灯草丸,治膀胱炎、尿道炎、肾炎水肿、湿热黄疸、热淋涩痛、心烦不眠、小儿烦热
过路黄,仙陈退黄汤,治石淋、胆结石、肠道寄生虫，脚、手掌生疮，疝气、疔疮肿毒、缠腰火丹、黄疸
连钱草,羌麻平喘汤,治砂淋、石淋、肾炎、疳积、跌打骨折、胆囊炎、胆结石
腹水草,腹水退黄汤,治肝炎、便秘、子宫癌、子宫脱垂
鼠妇,鳖甲煎丸,治小便不利、白喉、咽喉炎、妇女闭经、风火牙痛
冬葵子,葵苓排石汤,治小便不利、肠燥便秘、石淋、感冒、尿路感染、输卵管结石
瞿麦,回乳方,治血淋、砂淋、小便淋漓、膀胱结石、尿路感染、血瘀经闭、血妄行、回乳
石韦,灵宿丹,治血淋、小便淋漓、尿路结石、崩中漏下、肺热喘咳、慢性支气管炎、下元虚损
海金砂,海金砂散,治热淋、石淋膏淋、小便不通、胆囊炎、胆结石、肝炎肾炎、尿酸结石、钩虫病、头痛、上吐下泻
葫芦,竹芦利水饮,治大腹水肿、胎动不安、羊水过多症、痢疾、脚气、肾炎、心脏病
椒目,己椒苈黄丸,治水肿、小便不利、肝硬化腹水、耳鸣暴聋、眼生黑花、慢性气管炎
榆白皮,烧伤2号,治小便出血、坠胎下血、妊娠小便不利、瘰疠、烧烫伤
玉米须,补肾壮腰汤,治肾炎水肿、高血压、肝炎、小便频数、肾虚腰痛
乌桕根皮,治胆结石、水气、臌胀、蜂窝组织炎、毒蛇咬伤,附乌臼油、乌臼寄生
车前子,泽泻散,治遗精、精液异常、遗尿、尿频、心力衰竭、产后尿潴留、小儿痘疮
萱草,忘忧汤,治大肠下血、乳痈、乳汁不下、腰痛、鼻衄
姜皮,术皮饮,治急性肾炎、皮肤水肿、心腹臌胀、偏头风
石花,五味补肾汤,治吐血、崩漏、腰膝冷痛、白浊、肾虚牙痛
玄明粉,冰硼散,治大小便不通、结胸心痛、消化不良、咽喉肿痛
天胡荽,翳草明目散,治肝炎、痢疾、红淋、风火眼痛、翳障
薛荔,薜荔通淋汤,治淋病、尿血、便血、疝气、子宫脱垂、咳嗽痰多、先兆性流产
芭蕉根,甘露旱莲汤,治热渴、黄疸、血崩、子宫脱垂、骨折、瘰疠、心悸、血淋
鲤鱼,鲤鱼汤,治水肿胀满、肾炎、乳汁不下、咳嗽气喘
田螺,田螺利水膏,治小便不通、水肿、痔疮、水火烫伤
瓦韦,,治尿路感染、痢疾、咯血、血尿、小儿疳积
紫葳,,治小腹胀痛、产妇头晕、产后吐血、小儿伤食、创伤出血
田字草,,治神经衰弱、小儿肺炎、夜盲症、蛇毒入内
附子,四逆汤,治中风偏废、亡阳虚脱、胃腹冷痛、阳痿、滑精、大便溏泻、阳虚水肿、寒湿骨痛、素体阳虚、胃下垂、病态窦房结综合症、心肌梗塞、手术休克
肉桂,阳和汤,治畏寒肢冷、阳痿、尿频、食少便溏、妇女痛经、血滞经闭、鹤膝风、贴骨疽、支气管哮喘
干姜,三物备急丸,治吐血下血、妊娠呕吐、胃寒泻泄、肺寒咳嗽
吴茱萸,吴茱萸汤,治巅顶头痛、经寒腹痛、呕吐吞酸、寒湿脚气、疝气、阳虚泄泻、脚足痛、口舌生疮
良姜,茴香丸,治胃脘冷痛、气逆呕吐、疟疾、心腹绞痛、妇女月经痛、泥鳅痧症
川椒,大建中汤,治伤寒呕血、寒湿泄泻、肾虚腰痛、皮肤湿疹、虫积腹痛、妇人阴痒、肾结石、胃下垂
胡椒,烧石子茴香散,治胃寒冷痛、小儿遗尿、霍乱吐泻、缺钙抽搐、小肠石淋、哮喘
丁香,豆蔻饮,治胃寒呕吐、食少吐泻、结肠炎、肠粘连、伤寒咳逆、阳痿阴冷、狐臭、年久心痛
小茴香,安肾丸,治寒疝腹痛、胃痛、遗尿、鼻疳、蛔虫病、肾虚腰痛
荜拨,沉香丸,治胃寒呕吐 冷痢 寒疝 腰腹冷痛 月经不调 鼻塞流涕 三叉神经痛 牙痛 冠心病 心绞痛、小便滑数
毕澄茄,毕澄茄丸,治脾胃虚满、寒疝疼痛、噎食不纳、支气管哮喘、胁肋胀满
艾叶,胶艾汤,治妇女宫冷不孕、崩漏下血、功能性子宫出血、吐血衄血、虚寒腹痛、肠炎、尿道炎、膀胱炎、乳腺增生、小儿重症肺炎、黄水疮
荔核,加味疝气方,治肾子肿大、肾绞痛、睾丸肿痛、妇女血气痛
川乌,三建汤,治风湿关节炎 腰腿痛、肩周炎、寒疝、跌打损伤、头风 偏头痛、深部脓肿、脐腹痛、手足癣 手术麻醉
大茴香,苍术难名丹,治脘腹冷痛、小肠气坠、疝气冷痛、大小便秘、风毒湿气、寒湿脚气、膀胱冷气
杜衡,马蹄香散,治风湿痛、跌打损伤、中暑发痧、气管炎哮喘、蛇咬伤
母丁香,小牛黄丸,治胃冷呕逆、小儿冷疳、妇人难产、小儿疝气、目眦生疮
芥子,,治关节炎、伤寒无汗、眉毛脱落、耳聋
竹叶椒,,治胃痛、腹胀痛、感冒头痛、牙痛、无名肿毒
陈皮,平胃散,治脘腹胀痛、脾虚气滞、胃寒气逆、痰湿壅滞、乳痈
枳实,枳术丸,治食积气滞、大便不通、泻痢后重、咳嗽痰多、胸痹疼痛、子宫脱垂、胃下垂
木香,木香槟榔丸,治食积泻痢、下痢脓血、胁肋、胸腹胀痛、寒疝、小肠疝痛、阴茎肿痛、黄疸、消化不良
香附,香苏散,治胸胁胀痛、食积不消、瘟疫、伤寒、乳痈、疝气、疟疾、吐血、妇女月经不调、小儿惊风、偏正头痛、胎动不安、肛门脱出、寻常疣、扁平疣、链霉中毒
乌药,天台乌药散,治寒气胀痛、膀胱冷气、妇女痛经、孕妇水肿、小儿夜尿、腹泻、小便频数、骨节痛、睾丸偏坠、气滞郁结
沉香,沉香天麻汤,治寒凝气滞、胸腹胀痛、阴虚肾亏、呕吐呃逆、痰热、男子精冷
川楝子,金铃子散,治寒疝腹痛、热厥心痛、二便不通、疝气痛、蛔虫腹痛、肋间神经痛
薤白,枳实薤白桂枝汤,治胸痹疼痛、下痢后重、赤痢、鼻渊、妊娠胎动
青皮,截疟七宝饮,治乳痈、乳房肿痛、寒疝腹痛、疟疾、脘腹胀痛
佛手,解郁汤,治胃脘胀痛、胸闷呕吐、臌胀、妇女白带、小儿传染性肝炎
香橼,虎骨木瓜酒,治脾胃气滞、痰多咳嗽、臌胀、饮食不进、关节炎
檀香,苏合香丸,治胃脘、胸腹痛、霍乱、噎膈呕吐、恶毒风肿
甘松,松香丸,治脘腹胀痛、神经性胃痛、寒湿脚气、癔病、神经衰弱、痰眩
玫瑰花,玫瑰饮,治风痹、胸腹胀满、妇女月经不调、更年期精神病、胃炎、神经官能症
九香虫,乌龙丸,治肝胃气痛、肾虚阳痿、胸脘胁痛、胃寒气滞
大腹皮,五皮散,治胸脘胀闷、大小便秘、心腹臌胀、脚气肿痛
梅花,梅花散,治口苦咽干、食欲减退、食道痉挛、麻症、斑疹
枳壳,柴胡达原饮,治胸胁胀痛、大便下血、伤寒、直肠脱垂、子宫脱垂、脏器下垂
木姜子,三品祛风汤,治胆囊炎、胃寒腹痛、关节痛、发痧、风湿麻痹、蚊虫叮咬
粳米,白虎汤,治霍乱吐泻、胎儿初生无皮、胃气不舒、咳嗽痰多
桔核,桔核丸,治睾丸肿胀、阴囊肿大、乳腺炎、酒?鼻
韭菜,韭汁牛乳饮,治遗精梦泄、吐血、尿血、反胃噎膈、过敏性紫癜、金疮出血
大豆,大海芹柿汤,治黄疸、耳源性晕眩、自汗盗汗、消化不良、高血压
小米,安胎止痛汤,治呕逆反胃、汤火灼伤、五心烦热、妊娠坠下、虚汗不止
猕猴桃,四物利胆汤,治湿热黄疸、偏坠、风湿关节痛、消化不良
腊梅花,腊梅解毒汤,治扁桃体炎、急性结膜炎、乳癣、暑热、烫伤、小儿痘疹
柿蒂,丁香柿蒂汤,治胃寒、胃热、气虚呃逆、痰浊内阻、元气暴脱、百日咳
刀豆,刀豆止咳汤,治虚寒呃逆、百日咳、坐板疮、腰痛、妇女痛经
香樟树,,治急性肠炎、湿气脚肿、面黄虚肿、内伤肿痛、虫牙痛
板栗,,治肾虚腰痛、小儿行迟、难产、瘰疠、牙痛、久痢不止
隔山香,,治咳嗽吐血、疝气、感冒、头晕头痛、妇女月经不通、毒蛇咬伤
东风菜,,治风湿腰痛、四肢麻木、发痧腹胀、毒蛇咬伤
野蔷薇花,,治中暑烦渴、消化不良、口腔糜烂、烫火伤
莱菔子,保和丸,治各种食积、咳嗽气喘、痢疾、风秘、气秘、风头痛、偏头痛、肠梗阻、气管炎
山楂,健脾丸,治各种食积、产后腹痛、小儿乳积、疝气、痢疾、高血脂、冠心病、妇女闭经、痛经、老人腰腿痛、高血压、血清胆固醇过高症
鸡内金,鸡肶胵散,治消化不良、吞酸纳减、小儿遗尿、肾瘠白浊、小儿厌食症、小便滑数、胆结石、泌尿系结石、萎缩性胃炎、腹泻
麦芽,枳实消痞丸,治食积腹胀、食欲不振、婴儿回乳、小儿厌食症、乳腺增生、胆固醇增高症、预防乙肝
神曲,枳实导滞丸,治消化不良、胃柿石症、时暑暴泻、休息痢、食欲减退、产生瘀血
谷芽,健脾思食汤,治食积、消化不良、泄泻、小儿厌食症、慢性肝炎
阿魏,沉香丸,治气积、肉积、小儿食积、血积、腹中痞块
葛花,葛花解醒汤,治饮酒太过、呕血吐血、小便不利
莱菔根,瞑眩膏,治食积吐泻、咳嗽喘满、肺结核咯血、痰热喉闭、砂石淋
隔山消,鹤星消食丸,治食积腹水、气膈噎食、腹痛胃痛、白浊、白带、小儿疳积
合萌,合萌散,治泌尿系感染、血淋、夜盲症、脱肛、阴门肿痛、小儿疮疖、吹乳
算盘子,分经解热汤,治小儿消化不良、急性肠炎、腹痛腹泻、肠风脱肛、疟疾、淋巴结核、睾丸炎
铁扫帚,,治小儿疳积、水泻、痢疾、牙疳、夜盲、伤口不收
珍珠草,,治小儿疳积、赤白痢疾、感冒、肝炎、夜盲症、竹叶青蛇咬伤
使君子,肥儿丸,治小儿疳蛔、疳积、心腹膨胀、黄病、嗜食异物
苦楝皮,万应丸,治蛔虫、钩虫、蛲虫病，瘘疮、香港脚、痢疾、肛门瘙痒、虫积便秘
槟榔,鸡鸣散,治绦虫病、肠道寄生虫病、食积、脚气、水肿、疟疾、痢疾、二便不通
鹤虱,化虫丸,治小儿虫积、蛔虫、绦虫病、咽喉肿痛
芜荑,集效丸,治虫积腹痛、久痢脱肛、冷气、妇女崩漏、血淋
南瓜子,驱绦汤,治绦虫、蛔虫、血吸虫病、营养不良
雷丸,竹苓安蛔汤,治丝虫、钩虫、蛔虫病、皮肤隐疹、小儿惊啼、虫积腹痛
榧子,八味槟榔丸,治蛔虫、钩虫、绦虫、丝虫病、肝吸虫病、肠道寄生虫病、干咳少痰
黄花蒿,黄荆退热汤,治急性肝炎、淋巴管炎、肺痨、小儿发热、皮肤湿疹
石榴根皮,石榴驱虫汤,治蛔虫、绦虫、蛲虫、寸白虫、小儿乳积、妇女外阴瘙痒、肠炎、银屑病、肾结石
大蒜,青娥丸,治蛲虫、钩虫病，疟疾、便秘、头晕、百日咳、痈肿、疮毒、尿潴留、急性阑尾炎、阳痿、腰痛
醉鱼草,八味蛇药,治钩虫病、痄腮、气管炎、哮喘、鱼子中毒、鱼骨鲠喉、毒蛇咬伤
博落回,霸王解毒散,治钩虫病、骨痈、便秘、黄癣、恶疮、白癜风
土大黄,抗痨止血汤,治疥疮、癞癣、腮腺炎、痨伤吐血、热咳、咯血
山蚂蟥,,治乳痈溃烂、麻疹、疳积、风热火眼、胞衣不下
土荆芥,,治钩虫、蛔虫、绦虫病、头虱、湿疹、荨麻疹、脱肛、子宫脱垂
地榆,清热止崩汤,治血痢、便血、紫癜、肠痈、妇女血崩、白带、刀伤出血、水火烫伤、胃出血、痢疾、宫颈糜烂
白芨,,白芨枇杷丸、治胃痛、上消化道出血、痔疮、劳嗽咯血、产后伤脬、疮疖痈肿、呕血、衄血、结肠炎、心气痛
三七,月华丸,治血痢、便血、崩漏下血、血热吐血、劳嗽咳血、瘀血肿痛、刀伤收口、跌打损伤
蒲黄,失笑散,治吐血、衄血、崩漏下血、外伤出血、瘀血经闭、产后血晕、跌打损伤、重舌、口疮、冠心病、心绞痛
茜草,固冲汤,治热性出血、血虚出血、瘀血经闭、功能性子宫出血、荨麻疹
侧柏叶,柏叶汤,治鼻衄、尿血、吐血下血、深部脓肿、百日咳、历节风痛、斑秃、脂溢性脱发、肺热干咳
苎麻根,升白冲剂2号,治淋症尿血、吐血、跌打闪挫、小便不通、先兆流产、习惯性流产、白细胞减少症
槐花,槐花散,治便血、痔血、吐血、衄血、赤白痢疾、高血压
槐实,韭子丸,治便血、尿血、鼻衄、血痢、崩漏下血、头痛目赤、痔疮肿痛
仙鹤草,清肝滋肾凉化汤,治便血、吐血、崩漏下血、贫血、鼻出血、跌伤红肿、过敏性紫癜、支气管炎咳嗽、肺癌、肝癌、胃癌、食道癌、骨肿瘤、白细胞减少症、痢疾
血余炭,五淋散,治吐血、衄血、诸窍出血、上消化道出血、溃疡病出血、石淋、小便不利
花蕊石,止血散,治吐血、咳血、上消化道出血、痔核、肛裂、障翳、瘀肿疼痛
伏龙肝,黄土汤,治便血、妇人血露、妊娠恶阻、胃出血、呕吐、久泻
海螵蛸,白粉散,治血崩 大便下血、肠风下血 外伤出血 胃痛吐酸 下肢溃疡，胃 十二指肠溃疡 白带过多 口腔出血
莲房,六神汤,治妇女血崩、小便血淋、痔疮、消渴
鸡冠花,止崩汤,治下血脱肛、崩漏不止、白浊、赤白带、菌痢、青光眼
瓦松,玉女妙,治大便出血、急性肝炎、汤炎灼伤、月经不调、狂犬咬伤、产后诸虚
海蚌含珠,六鲜清痢汤,治吐血、衄血、便血、子宫出血、痢疾、疳积、咳嗽带血
蛇莓草,二草止痢汤,治红斑狼疮、蛇头疮、阑尾炎、扁桃腺炎、闭经、脱肛，黄藤、磷砒中毒，蛇咬伤
降香,七宝散,治气滞血瘀、呕吐腹痛、外伤出血、胸痹痛、跌扑伤痛
白胶香,小金丹,治吐血衄血、瘰疠恶疮、疥癣、下疳、腰膝痛、大便不通、流注、痰核、附骨疽
荠菜,葶苈大丸,治产后瘀血、内伤吐血、脱肛、眼痛、脚气痛、肾炎、乳糜尿、高血压、黄疸
一支蒿,一首黄散,治风湿痛、头风头痛、重伤痛、腹中痞块、毒蛇咬伤、消化道出血
小蓟,小蓟饮子,治呕血吐血、咯血、肺结核、肾炎、血淋、神经衰弱
荔枝草,荔枝百草散,治痔疮、便毒、乳痈初起、赤白痢疾、小儿急惊
白屈菜,白益蜜浸膏,治肠胃疼痛、黄疸水肿、顽癣、胃、十二指肠溃疡
天仙子,八神散,治风痹厥痛、赤白痢疾、年久咳嗽、五癫、骨髓冷痛
藕节,九味化瘀汤,治肺结核咳血、大便下血、吐血、鼻衄、过敏性紫癜
白药子,白药散,治衄血、汗血、肝硬化腹水、胎动不安、咽喉不利
红药子,红药汤,治吐血、衄血、便血、产后血运、肺炎、支气管炎、月经不调
荞麦三七,荞麦三七散,治行经腹痛、痢疾便血、烧伤、跌打损伤、自汗盗汗
祖师麻,加减四君子汤,治风湿痹痛、腰腿痛、心胃痛
〓木,〓花止痢汤,治肺结核咳血、便血、痢疾、产后恶露不尽、鼻血不止、妇女血崩、男子遗精
羊蹄,羊蹄麦冬汤,治吐血、便血、子宫功能性出血、湿热黄疸、红眼、便秘
大蓟,十灰散,治吐血、咯血、衄血、尿血、鼻衄、肠痈、崩中漏下、颈项结核
茉莉花,加味白头翁汤,治阴道炎、赤白带下、支气管扩张咯血、前列腺肥大、鼻炎、龋齿、头顶痛、赤痢
紫珠,紫白延胡汤,治上消化道出血、大便下血、鼻出血、崩漏下血
棕榈炭,棕灰散,治鼻衄、血崩、水肿、流注、梅毒、睾丸肿大、久泻久痢、关节痛、蛔虫病、妊娠下血
马蔺子,马蔺散,治鼻衄吐血、月经过多、咽喉肿痛、水痢、骨结核
山矾,山姜合剂,治鼻渊、腹泻、风湿腰痛、小儿消渴、肝脏病
百草霜,肠肛良方,治痔疮出血、吐血、大便下血、崩漏出血、血痢、小儿食积、产后大出血、咽喉口舌生疮、肠出血、子宫出血
断血流,,治肝炎、胆囊炎、结膜炎、各种出血、烂头疔、感冒寒热、狂犬咬伤
雪胆,,治胃痛、腹痛、咽喉痛、牙龈肿痛、痢疾、肠炎、气管炎、扁桃腺炎
地雷,地雷消炎汤,治腹痛、胃痛、外伤痛、肌肉痛、气管炎、坠伤、腮腺炎
菊叶三七,,治乳痈肿痛、喉蛾、经闭、咳血、吐血、跌打损伤、大骨节病
爬山虎,,治风湿关节炎、半身不遂、偏头痛、筋骨痛、便血
川芎,补阳还五汤,治妊娠腹痛、胁痛、头痛、胸痛、风湿痹痛、产后心腹痛、三叉神经痛、经闭腹痛、月经不调、中风、痈疽脓肿
丹参,活血效灵丹,治中风偏瘫、心烦心悸、痛经闭经、风湿痹痛、乳房肿痛、痈肿疮毒、冠心病、心绞痛、高脂血症、肝炎、肾炎、外伤性颅内血肿、肝脾肿大、子宫出血
益母草,归母汤,治痛经、闭经、难产、胞衣不下、浮肿、肾炎水肿、急性静脉炎、新生儿溶血症，抗早孕
茺蔚子,益母祛风汤,治老年白内障、子宫脱垂、产后血气痛、偏头痛、高血压
红花,复元活血汤,治经闭腹痛、产后血晕、症瘕痞块、难产死胎、跌打损伤、痈疽疮毒、麻疹夹斑、?耳、冠心病、溃疡病、鸡眼、早搏
牛膝,血府逐瘀汤,治月经不调、痛经、闭经、难产、胞衣不下、吐衄出血、跌扑损伤、牙龈出血、半身不遂、喉痹、乳蛾、风湿痹痛、鹤膝风、关节肿痛、血淋、腰膝酸痛
郁金,利胆和胃汤,治胸胁痛、经行腹痛、倒经、肝脾肿大、吐血、衄血、尿血、黄疸肝炎、胆石症、肠梗阻、高热、癫痫、冠心病
延胡,安中散,治胃炎、胃溃疡、胸痛、疝气痛、偏正头痛、产后瘀阻、跌打损伤、慢性气管炎、肠胀气
莪术,固元补虚丸,治血滞经闭、产后瘀阻、肝脾肿大、宫外孕、霍乱食积、心腹痛、滑泄、气管炎哮喘、妊娠蜕膜残留、尿路结石
泽兰,化瘀祛斑汤,治经闭、痛经、跌打损伤、痈肿、倒经、产后小便不利、浮肿
桃仁,桃仁承气汤,治闭经、痛经、疟疾、胸膈痞满、产后恶露不尽、经期癫狂、跌打损伤、腰椎结核、津亏便秘、肺痈、肠痈、高血压、肝炎
苏木,破血汤,治经闭、痛经、产后血晕、气滞、月经不通、跌打损伤、撞击伤目
凌宵花,,紫红活血汤、治闭经、腹痛、疟母、肝脾肿大、皮肤湿癣、风疹、腰膝肿痛
月季花,花香益母汤,治月经不调、腹痛、瘰疠疮毒、脚膝肿痛
鸡血藤,通阻1号,治血虚、月经不调、风湿痹痛、跌打损伤、产后身痛、骨殖增生、坐骨神经痛、白细胞减少症
刘寄奴,通阻2号,治瘀血经闭、白带、跌打肿痛、创伤化脓、腰痛、腹内虫痛、虫〓口烂、崩漏、溃疡性结肠炎、尿闭不通、烧伤
王不留行,消结坚,治经闭、痛经、乳汁不下、乳腺增生、乳痈、逆生难产、小便淋漓、血淋、泌尿系结石、子宫肌瘤、颈淋巴结核、大出血
姜黄,中满分消丸,治胸胁痛、经闭 月经不调 各种心痛 风湿肩臂痛 胃炎 胆囊炎 黄疸 呕吐 二便不利 跌打损伤
五灵脂,小金丹,治胃脘胁肋痛、肺胀、经闭痛经、产后瘀阻、骨折、崩漏、冠心病、心绞痛、目生浮翳
乳香,温补药,治心腹诸痛 关节痛 胃脘痛 闭经 痛经 瘰疠 痰核 痈疽疮疡 热毒红肿 跌扑损伤 指头炎、乳腺炎
没药,紫金丸,治痛经、闭经、宫外孕、产后血晕、心腹诸痛、疮疡破溃、瘰疠痰核、肺痈、肠痈、腰脊冷痛
自然铜,硇砂丸,治跌打损伤、筋骨折伤、闪腰岔气，烧、烫伤，头风头痛、皮肤瘙痒
干漆,地黄丸,治经闭症瘕、胞衣不下、吐泻腹痛、五劳七伤、麻风、虫积腹痛、脑囊虫病
三棱,净府汤,治经闭腹痛、肝炎肝癌、宫外孕、肝脾肿大、虫积
水蛭,抵当丸,治瘀血经闭、产后恶露、中风瘫痪、跌打损伤、顽癣、乳腺增生、外伤瘀血
银杏叶,银黄脑康液,治中风后遗症、冠心病心绞痛、血清胆固醇过高症、小儿肠炎
瓦楞子,舒胃散,治临经阵痛、症瘕、顽痰结聚、胃痛，胃、十二指肠溃疡，瘿瘤
穿山甲,仙方活命饮,治乳汁不通、症瘕、瘰疠、痈肿、附骨疽、中风偏废、风湿痹痛
皂角刺,透脓散,治痈疽肿毒、乳痈、乳汁不通、痔疮、湿疹、麻风疥癣
鬼箭羽,参芪通阻汤,治月经不通、产后脐腹痛、关节痛、腰痛、头痛、全身痛痒、动脉粥样硬化
狼毒,消斑膏1号,治食积、痰积、虫积、气积、疥癣癞疮、淋巴结核、睾丸结核、附骨疽、外阴白色病变
天仙藤,天仙藤散,治肝炎、痢疾、孕妇水肿、症瘕、疝气、毒蛇咬伤、胸脘痞满
蜣螂虫,千金龙胆汤,治肝脾肿大、跌打损伤、肠梗阻、脱肛、膀胱、尿道结石，大小便闭、小儿脐风
马鞭草,风颈白鱼汤,治经闭、痛经、症癜、跌打损伤、外痔、痈肿、湿疮、盆腔炎、阴肿、伤寒、痢疾、白喉、尿路感染、牙龈肿痛
凤仙花,阳和解凝膏,治风湿痛、跌伤筋骨、哮喘、妇女白带、毒蛇咬伤、瘰疠痰核
预知子,预知子丸,治子宫脱垂、淋巴结核、疝气、阴部湿痒、输尿管结石、咳嗽吐痰
大血藤,血藤蒲黄汤,治血崩、经闭、贫血、腹痛、阑尾炎、关节炎、钩虫病、跌打损伤
两面针,细辛金牛散,治多种痛证、对口疮、带状疱疹、风湿骨痛、腰脊劳损、跌打瘀积
毛冬青,水火合剂,治脉管炎、脑血栓形成、肺热喘咳、慢性盆腔炎、烫火伤
水龙骨,清热止咳膏,治风湿骨痛、跌打损伤、背痛、肩周炎、百日咳、小儿惊风、尿路感染
天名精,地菘三白汤,治口眼歪邪、急性肾炎、疮疡肿毒、病毒性肝炎
薯莨,脉通汤,治月经不调、产后恶露不尽、瘀血停滞、崩漏、跌打损伤、出血性紫癜、痢疾、疮疖、血栓性静脉炎
〓虫,柴胡细辛汤,治经闭症瘕、产妇腹痛、盆腔瘀血、筋骨折伤、脑震荡、脑挫伤
酒,,治风湿痹痛、胸痹绞痛、肝热目赤、口舌生疮、耳聋
醋,,治症瘕、积聚、产后血晕、疝气、肝炎、痈肿、黄汗病、粉刺
穿破石,,治肺结核、风湿痹痛、下肢流火、肝炎、肾虚耳鸣
蒴〓,,治打伤出血、赤白带下、痈肿、打伤扭筋、慢性气管炎
竹节人参,,治虚劳、腰痛、心胃痛、筋骨痛、跌打损伤、吐血、鼻出血
金雀根,,治妇女月经不调、白带、关节风痛、高血压
红毛七,治月经不调,经期腹痛、扁桃腺炎、外痔
铺地蜈蚣,,治梦遗失精、跌打损伤、痈肿
虻虫,大黄〓虫丸,治太阳病、月经不通、肿痛、踠折瘀血
半夏,半夏泻心汤,治湿痰咳嗽、呕吐反胃、虚冷便秘、咽喉痛、失眠、妊娠呕吐、心肌炎、外伤出血
天南星,玉真散,治中风痰壅、晕眩、喉闭、顽痰、破伤风、皮肤瘤、高脂血症
胆星,抱龙丸,治肺热咳嗽、痰热惊风、百日咳、痰迷、痰涎喘急
桔梗,杏苏散,治风热咳嗽、咽喉肿痛、肺痈、伤寒、痰阻、牙疳、头痛
旋复花,旋复代赭汤,治痰壅咳喘、痰湿内阻、积年上气、头目眩胀、乳岩、乳痈
白附子,牵正散,治中风面瘫、口眼歪邪、痰厥头痛、抽搐呕吐、湿疹瘙痒、破伤风
白芥子,三子养亲汤,治寒痰咳嗽 咳喘胸痛 关节不利 鹤膝风 脚气 骨结核 脉管炎 跌打损伤 扁平疣、哮喘、百日咳
皂英,桂枝去芍药加皂荚汤,治湿痰喘咳、头疮、眉癣、癣疮、高脂血症、肥胖症、中风昏迷
白前,止咳散,治痰多咳嗽、久咳吐血、腹泻、淋闭、骨折、背花
蔊菜,蔊黄消炎散,治咳嗽、咽喉痛、黄疸、麻疹、背疽、乳痈、鼻窦炎
银杏,定喘汤,治哮喘痰咳、下元虚损、湿热带下、淋病、小儿尿床、皮肤不白
果上叶,,治百日咳、肺痨咳嗽、肺结核、脑震荡、小儿惊风、梦遗
猴枣,,治大便下血、?耳、痰热急惊、高血压、紫癜风
前胡,败毒散,治风热咳嗽、喘促、头痛、外感风寒
栝楼,清气化痰丸,治痰热燥咳、乳痈、肺痿吐血、便秘、乳腺增生、冠心病、闭经
浙贝母,小儿回春丹,治肺痈咳嗽、感冒咳嗽、肺热燥、阴虚劳咳、肺痿、痈肿、瘰疠、乳房炎
葶苈子,葶苈大枣汤,治痰饮咳喘、二便不利、支气管扩张、肺结核、气胸、肾炎水肿、牙本质过敏
竹沥,茯苓汤,治中风痰迷、肺热痰咳、小儿惊风、妊娠子烦
竹茹,桔皮竹茹汤,治痰热咳嗽、中风痰迷、妊娠恶阻、哮喘、胃虚呕逆、黄泡疮、胸闷呕吐
礞石,礞石滚痰丸,治各种痰证、气逆喘咳、食积、妇人食症、颈结核
胖大海,海冰散,治咳嗽、失音、咽痛、便秘、便血、中耳炎
海浮石,海藻消瘿汤,治咳嗽、痰喘、消渴、瘰疠、小肠气、老年慢性气管炎、甲状腺瘤
海蛤壳,内消瘰疠丸,治咳嗽胸痛、瘰疠痰核、淋巴结核、外阴炎、外阴溃疡、伤寒、湿热水肿
海藻,海藻玉壶汤,治瘰疠结核、瘿瘤、淋巴结核、水肿脚气、石瘿、气瘿、蛋白尿、甲状腺瘤
海蜇,乌芋海蜇汤,治瘰疠痰核、支气管炎、淋巴结核、痰热咳嗽、脚气、鹅掌风
荸荠,松肌透表汤,治热病烦渴、支气管炎、痰热咳嗽、高血压、牛皮癣、目赤肿痛
梨,五汁饮,治温病口渴、痰热中风、干咳无痰、哮喘、贫血
天竺黄,安魂定惊丸,治高热喘咳、痰热中风、惊风、鼻衄、小儿夜啼、目赤眼红
白菖,,治惊悸健忘、消化不良、痈肿初起
铁包金,,治肺痨久咳、肺结核、疳积、胃脘痛、精神病
杏仁,桑杏汤,治咳嗽痰多、肠燥便秘、肺寒咳嗽、咳嗽气喘、湿温初起、大便秘结、胃痛
百部,天冬合剂,治肺痿久咳、伤风咳嗽、肺结核、百日咳、牛皮癣、疥疮、牛皮癣、蛔虫、蛲虫病
紫菀,鹿茸丸,治肺痿劳咳、外感咳嗽、妊娠咳嗽、痰中带血、久咳
款冬花,九仙散,治肺痈咳嗽、寒饮咳喘、暴咳、久咳不愈
苏子,苏子降气汤,治咳嗽痰逆、消渴、痰喘、风寒湿痹、肠燥便秘
桑白皮,泻肺饮,治气急喘嗽、慢性气管炎、糖尿病、小便不利、产后高热、目痛、梦遗
枇杷叶,清燥救肺汤,治肺热咳喘、百日咳、久咳不愈、胃热呕吐、声音嘶哑、脑漏、小儿吐乳
马兜铃,补肺阿胶汤,治肺热喘咳、咳嗽气喘、小儿气喘
洋金花,走马茴香丸,治哮喘、喘咳、各种风痛、小儿慢惊
南天竹,支扩成方,治感冒咳嗽、小儿天哮、肝炎、胃肠炎、尿路感染、下疳溃烂
百合,养肺活血方,治支气管扩张、肺热久咳、萎缩性胃炎、胃痛、癔病瘫痪、癫狂、百合病、神经衰弱
兰香草,兰香止咳膏,治慢性气管炎、产后瘀痛、感冒头痛
千日红,千金蝉花汤,治支气管炎、哮喘、百日咳、小儿夜啼、头风头痛
瓜子金,金锁消炎汤,治咳嗽哮喘、扁桃体炎、食积、疳积、心悸失眠、闭经、头痛、脱布癫、骨髓炎、骨结核
胡颓子叶,清肺平喘汤,治肺寒咳喘、气喘咳嗽、支气管哮喘、慢性气管炎、肺结核咯血
白毛夏枯草,白花牡蛎汤,治肺热咳嗽、咽喉肿痛、阑尾炎、淋巴结核、高血压、痈肿疮毒、甲状腺肿大
鼠曲草,焚香透膈散,治各型咳嗽、支气管炎、寒喘、蚕豆病、妇女白带
百两金,,治肺病咳嗽、扁桃体炎、睾丸肿痛、陈年腰痛、肾炎水肿
荠苧,,治肺热咳嗽、痰热壅肺、咽喉肿痛、咳血、便血、紫癜、肾炎水肿、阴道炎
吉祥草,,治虚弱干咳、妇女干病、急惊风、跌打损伤
朱砂,朱砂安神丸,治惊悸失眠、喜怒无常、癫痫、咽喉痛、产后癫狂、口舌生疮
龙骨,柴胡龙骨牡蛎汤,治神志不宁、心悸失眠、遗精、滑精、癫狂、健忘、血崩、出血、泻痢、头晕目眩、耳烂、自汗、盗汗
牡蛎,大定风珠,治中风偏瘫、心神不安、眩晕、遗精滑精、自汗盗汗、肝脾肿大、瘰疠痰核、胃酸过多
铁落,生铁落饮,治暴怒发狂、癫狂、贼风流动、小儿赤丹、狐臭
紫贝,紫贝散,治小便尿血、目热生翳、小儿痘疹入目
黑铅,黑锡丹,治心神不宁、下元虚冷、水肿、小便不通、痰饮神昏、冷疔
紫石英,五石黄芪丸,治心悸怔忡、眩晕、热瘫、宫冷不孕、咳逆上气
磁石,磁朱丸,治心悸失眠、肝肾阴虚、耳鸣耳聋、肾虚气逆、子宫不收
琥珀,定痫丸,治癫痫、惊风、健忘、中风后遗症、经闭症瘕、产后恶露不尽、月经不通、血淋
珍珠,牛黄生肌散,治癫痫、高热惊抽、急慢惊风，目赤翳障、喉痹、小儿夜啼、口疳、牙疳、手足皲裂、疮疡肿毒
酸枣仁,酸枣仁汤,治虚烦不眠 不眠嗜睡 健忘 盗汗 子时胃痛 子时发热 不射精症、水火烫伤、体虚多汗、梦游症
柏子仁,柏子养心丸,治惊悸失眠、夜多怪梦、闭经、虚汗、盗汗、便秘
远志,通肝生乳汤,治惊悸失眠、年久心痛、寒痰咳嗽、小便赤浊、高血压、近视眼
合欢皮,舒通汤,治健忘失眠、肺痈吐血、夜盲症、跌打骨折、筋骨损伤，痈肿疔疮、狂犬咬伤
茯神,归脾汤,治虚烦失眠、心跳不安、忧郁失眠、心悸怔忡
夜交藤,公鸡殖酒合剂,治各型失眠症、中老年晕眩、男性不育、腋疽、痔疮
龙眼肉,安魂汤,治心悸怔忡、心虚头晕、美尼氏综合症、脾虚泄泻、产后浮肿
灵芝草,灵乌二仁汤,治心悸健忘、老年虚弱、咳嗽虚喘、慢性气管炎、各型肝炎
夹竹桃,,治心力衰竭、哮喘、癫痫
含羞草,,治神经衰弱、失眠症、带状疱疹
羚羊角,羚角钩藤汤,治高热神昏、中风、偏风、产后中风、目赤翳障、小儿夜啼、子痫
石决明,天麻钩藤饮,治眩晕、小儿惊风、高血压、骨蒸劳热、各种目疾
代赭石,镇肝息风汤,治头痛眩晕、中风后遗症、呃逆呕吐、大便不通、热毒、崩漏、吐血衄血
钩藤,脑血栓1号方,治高血压、中风、哮喘、小儿急惊风、半边风、呕血、子宫下垂、关节痛、胎动不安
天麻,半夏白术天麻汤,治中风瘫痪、头晕头痛、妇人风痹、小儿惊风、高血压、破伤风、风湿脚气
地龙,补活汤,治中风、高热惊痫、头晕头痛、风头痛、热痹、寒温痹、肺热喘息、小便不利、三叉神经痛、窦房结综合症、腮腺炎、耳聋
全蝎,青〓丸,治中风、高血压、动脉硬化、血拴闭塞性脉管炎、惊痫、破伤风、风寒湿痹、乙型脑炎、指头炎、脑外伤头痛、头颈部痛
珍珠母,珍珠母丸,治中风、心悸失眠、女子梦交、视神经萎缩、扁平疣
玳瑁,至宝丹,治中风不语、肝风内动、迎风流泪、热病惊风、痘疮黑陷
刺蒺藜,当归饮子,治头痛眩晕、目赤多泪、胸痛经闭、乳汁不下，荨麻疹、风疹瘙痒、白癜风、肾炎
白僵蚕,金锁正元丹,治中风、风热头痛、小几惊风、肠风下血、肺结核转氨酶不降、呼吸道感染、咽喉肿痛、瘰疠痰核、乳腺炎、疱疹、脑外伤后遗症
蜈蚣,川芎止痛汤,治口眼歪邪、惊痫、破伤风、三叉神经痛、阳痿、骨髓炎、面神经炎、甲沟炎、湿疹、鸡眼、乳汁潴留性囊肿、瘰疠
蛇蜕,五蜕散,治小儿风热、脑囊虫病、乳房肿痛、疔疮肿毒、目翳、白内障、中耳炎、眼睑炎
罗布麻,复方肝舒散,治高血压、肝炎腹胀、头痛头晕
芹菜,芹菜菊花汤,治高血压、心脏病、血清胆固醇过高症、痈肿
国桐叶,,治高血压、冠心病、失眠、银屑病、疮疖肿毒
黄瓜秧,,治高血压、下痢、腹泻、黄水疮
麝香,行军散,治中风神昏、痰热窍闭、口眼歪邪、热毒疮疡、咽喉痛、心腹痛、乳痈、肺痈、跌打损伤、痈疽发背、前列腺炎、淋巴结核、妇女难产、症瘕、头痛
牛黄,安宫牛黄丸,治中风窍闭、中暑、中恶、小儿惊风、热毒疮疡、咽喉肿痛、瘰疠痰核、肺痈、肠痈、乳岩
冰片,泻青丸,治中风痰厥、喉痹、疮疡不敛、目赤肿痛、口舌生疮、咽喉肿痛、颈部淋巴结核
苏合香,冠心苏合丸,治中风、冠心病心绞痛、骨蒸肺痿、腹水病
安息香,补骨脂丸,治中风、痰浊、产后血晕、小儿肚痛
石菖蒲,地黄饮子,治痰浊蒙窍 癫狂、健忘失眠、霍乱 失音 下痢、耳鸣耳聋、风湿关节痛、儿童智力低下、心律不齐
蓖麻子,麻黄膏,治高血压、面瘫、胃下垂、子宫下垂、癫疝、疮毒、发背、破伤风、鼻痔、铁钉、竹木入肉
猪牙皂,急救稀涎散,治中风不语、风邪癫狂、气积、血积、虫积、食积、脚气肿痛
瓜蒂,瓜蒂散,治痰涎停滞、诸痫涎涌、肝炎、滑胎、疔疮
常山,七宝饮,治疟疾、痰饮、内伤血瘀、山岚瘴疟
藜芦,三圣散,治中风、癫痫、疟疾、鼻息肉、头痛鼻塞、癣疮
食盐,盐汤探吐方,治宿食停留、二便不通、前列腺增生、尿潴留、各种脚气、房事后腹痛
万年青,青草利喉散,治风心病、白喉、脱肛、热痰壅盛、跌打损伤
胆矾,白降雪散,治咽喉肿痛、口疮、喉闭、乳蛾、癫痫、牙疳
麻黄根,牡蛎散,治自汗、盗汗、虚汗、阴囊生疮
浮小麦,石膏汤,治自汗、盗汗、骨蒸劳热、产后自汗、喘急头痛、脏躁症
禹余粮,震灵丹,治久泻久痢、大风疠疾、妇女崩漏、带下
五味子,秘精丸,治自汗、盗汗、五更泻、咳嗽气喘、痰中带血、消渴、肝炎、遗精滑精、失眠健忘、美尼氏综合症
莲子,莲实丸,治脾虚久泻、小便白浊、梦滑遗精、妊娠胎动、产后血虚
山茱萸,六味地黄丸,治阴虚盗汗、遗精、尿频、肾虚腰痛、月经过多、崩漏下血、囟开不合、糖尿病、肩凝症
刺猬皮,猬矾双花剂,治胃痛、内外痔出血、前列腺炎、肾结石
向日葵子,葵子升麻汤,治白带、遗精、痢疾、背花、头昏、头痛、耳鸣、腰背痛
赤石脂,桃花汤,治腹泻、下痢、妇女赤白带、漏下、血痔、心痛、疮疡、外伤出血
乌梅,乌梅丸,治久痢久咳、咽喉肿痛、声带、直肠、子宫息肉、蛔虫腹痛、伤寒蛔厥、燥咳痰少、胆囊炎、胆结石、过敏症、皮肤划痕症、胆道蛔虫病、乙型肝炎
椿根白皮,固精丸,治休息痢、大便下血、赤白带下、月经过多、胃溃疡出血
肉豆蔻,硫黄丸,治久泻不止、五更泄泻、大便不实、水泻无度、呕吐气滞、水湿臌胀
诃子,肾附丸,治久泻久痢、白带、白淫、肠风泻血、脱肛、失音失语、结膜炎
罂粟壳,真人养脏汤,治水泻久痢、赤白痢疾、小儿吐泻、喘咳自汗、慢性结肠炎
白矾,豆附丸,治久泻、崩漏下血、便血、肺炎、腮腺炎、精神错乱、湿热黄疸、肺结核咯血、胃炎、胃溃疡、疥疮、脚汗、中耳炎、腋臭、阴部瘙痒、宫颈癌、皮肤癌
石榴皮,白头翁汤,治久泻久痢、久泻脱肛、崩漏带下、妊娠暴下、稻田皮炎、牛皮癣、蛔虫、绦虫、蛲虫
五倍子,紫金锭,治久泻脱肛、崩漏带下、遗精、尿频、盗汗、咳嗽、鼻疳、痔疮、顽癣、带状疱疹、手足皲裂、阴道滴虫病、瘰疠、糖尿病
樗白皮,樗树根丸,治痢疾、遗精、赤白带下、滴虫性阴道炎
金樱子,遗尿方,治遗精遗尿、乳糜尿、多尿症、白带、月经过多、丝虫病、汤火伤
芡实,金锁固金丸,治久痢、遗精滑精、妇女带下、胞衣不下、慢性肾炎
桑螵蛸,桑螵蛸散,治遗精滑泄、小便白浊、虚劳盗汗、疝癜
复盆子,五子衍宗丸,治遗精滑精、肝肾精亏、阳痿、习惯性流产、遗尿
石莲子,小菟丝子丸,治小便赤涩、淋浊带下、遗精、痢疾
莲须,金锁丸,治久泻、消渴、小便白浊、梦滑遗精、崩漏带下、痔漏
香椿芽,香杉驱虫汤,治小儿发热、麻疹、疮疡肿毒、丝虫病
没食子,二子龙牡散,治血痢腹痛、盗汗、痔疮下血、小儿口疮、下痢
夜关门,五草止痢汤,治急性腹泻、肾虚遗尿 白浊 糖尿病、溃疡病 小便不通 小儿面目发黄、慢性气管炎、视力减退
碧桃干,碧桃二黄汤,治自汗、盗汗、妊娠下血、内伤吐血
糯稻根,黄玉糯米汤,治自汗、盗汗、肾炎、蛋白尿、口渴、丝虫病
金樱根,,治遗精、急性阑尾炎、小儿遗尿、胃痛、跌打损伤
雄黄,固齿散,治缠喉风、咽喉肿痛、腮腺炎、破伤风、疟疾、癫痫、杨梅疮、血吸虫病、肠道寄生虫病、带状疮疹、毒蛇咬伤
轻粉,羌活散,治疥疮、疥癣、黄水疮、杨梅疮、下疳、风虫牙疳、水肿胀满
枯矾,一扫光,治痈肿疮毒、湿疹疥癣、牛皮癣、鹅口疮、?耳、吐衄出血、癫狂、手足多汗、久泻不止
毛茛,猴马白贝散,治疟疾、黄疸、牙痛、偏头痛、急性肾炎
蟾蜍,蟾砂散,治疮肿、瘰疬、痈疽、疔毒、麻风、疳积、走马牙疳、胸壁淋巴结核
马钱子,斑马散,治阴疽流注、瘰疠痰核、疔疖、枪伤、风湿顽痹、喉痹、骨折、狂犬病
硫黄,巴附丸,治疥疮、顽癣、天泡疮、阴蚀瘙痒、阳痿、小便频数、寒喘、便秘、冷泻、脂溢性皮炎、结肠炎、偏头痛、胃痛
松脂,延寿丹,治痈疽、疮疥、湿疮、白秃疮、各种肿毒、慢性气管炎、肾经不足
砒霜,雪粉丸,治痔疮、瘰疠、瘘管、哮喘、顽癣、气逆喘息、走马牙疳
水银,,红升丹、治疥疮、恶疮、癣疮、梅毒、酒?鼻、白癜风、骨髓炎
孩儿茶,幼科吹口散,治口疮、牙疳、湿疮、湿疹、下疳阴疮、扁桃体炎、子宫颈糜烂、坐骨神经痛、肋骨神经痛
木鳖子,地仙丸,治痈疽、痔疮、癫痫、小儿久痢、跌扑损伤、两耳热痛
蚤休,定游汤,治痈肿、疔疮、风毒、小儿惊风、腮腺炎、乳痈、白喉、慢性气管炎、梦游症
石灰,金疮桃花散,治痔疮、臁疮、湿疹、气痛、外伤出血、热疮、痱子
密陀僧,擦药方,治干、湿癣，花斑癣、钱癣、湿疹、多骨疮、臁疮、口舌生疮、脚丫湿烂、阴汗湿痒、眼睑炎
铅丹,葛根丸,治黄水疮、臁疮、风癣疥癞、痈疽发背、疟疾、目翳、消渴、惊悸癫狂
炉甘石,白石散,治疮疡不收、口疮、眼睑炎、中耳炎、眼〓赤烂
硼砂,砂淋丸,治鹅口疮、缠喉风、喉痹、口舌生疮、久咳声哑、乳头皲裂、目赤肿痛、砂淋、石淋
绿矾,伐木丸,治秃头疮、疥疮、趾甲生疮、舌肿、钩虫病、黄肿病
露蜂房,温风散,治瘰疠、附骨痈、头癣、风疹瘙痒、风痹、龋齿痛、脉管炎
血竭,七厘散,治疮疡破溃、白虎风、跌打损伤、骨折伤筋、妇女瘀血经闭、产后瘀阻、心腹痛、腹中血块、水火烫伤
樟脑,熨敷方,治疥癣疮痒、疥疮、冻疮、小儿秃疮、脚烂、牙痛、热病神昏、骨质增生症
大风子,手癣方,治麻风、梅毒、疥疮、顽癣、手足癣、湿疹、荨庥疹、酒?鼻
川槿皮,鹅掌风浸剂,治顽癣、牛皮癣、脚癣、铜钱癣、疥癣、脱肛、甲癣、鹅掌风
扛板归,归海止咳散,治痈疽、黄水疮 湿疹、瘰疠、麻网、坐板疮、蛇咬伤、关节痛、扁桃体炎、百日咳、慢性气管炎
九节风,五仙梅花洒,治外伤骨折、劳伤腰痛、风湿关节炎、感冒、烫火伤
乌蔹莓,二莓解毒汤,治肿毒、发背、乳痈、恶疮、九子疡、喉痹、肺痨咳嗽、指头炎
无名异,封口金疮散,治跌打外伤、骨折、臁疮、消渴、脚气痛
银朱,朱砂膏,治顽疮、杨梅疮、癣疮、臁疮、咽喉痛、反胃、小儿多啼
藤黄,黎峒丸,治痈肿、顽癣、癞痢头、跌打损伤、刀斧伤、汤火伤
雷公藤,雷公祛风饮,治麻风病、类风湿关节炎、腰带疮、疝气
蝮蛇,蝮蛇攻毒油,治晚期麻风、破伤风、神经性皮炎、淋巴结核、瘭疮、疥疮、湿疹、肿毒、创伤、胃痉挛
铅粉,甘草粉蜜汤,治黄水疮、〓疮、阴疮、疥疮、干癣、疳痢、五色痢、蛔虫病、骨折筋断
白丁香,益黄散,治痈疽、疮癣、阴黄、破伤风、阳痿、小儿呕泻
亚麻子,醉仙散,治隐疹、瘙痒、脱发、咳嗽气喘
升药,升梅拔毒散,治痈疽、发背、疔毒恶疮、梅毒下疳
枫杨,,治疥疮、顽癣、趾缝湿烂、癞痢头、膝关节痛、烧伤
钩吻,钩吻败毒散,治瘰疠、痈肿、疥癞、瘭疽、风湿关节痛
云实,云萎驱虫丸,治丹毒、腿部脓肿、风湿骨痛、产后恶露不尽、〓下不止
梧桐叶,梧桐濯足汤,治肿毒、痔疮、热淋、骨折、泄泻不止
宝盖草,接骨草散,治跌打损伤、淋巴结核、半身不遂、手足红肿、骨折伤筋、妇人两腿生核
野棉花根,,治痈疽、对口疮、蛔虫、钩虫病、胁痛、疟疾、痢疾
抱石莲,,治疔疮、跌打损伤、骨髓炎、胆囊炎、臌胀、黄疸、肺结核、咯血
绿葡萄,,治无名肿毒、疮疡肿毒、跌打肿痛、骨折、头晕头痛、枪伤、水火烫伤
四方麻,,治瘰疠、痄腮、口疮、黄疸、尿血、湿疹、烫伤、火眼、蛇咬伤、足生沙虫
冬青叶,,治痈毒、菌毒、砒霜、雷公藤中毒、骨折、百日咳
南蛇藤叶,,治蝮蛇咬伤、五步蛇咬伤、毒蛇咬伤、风湿骨痛
杏叶防风,,治蛇咬伤、颈淋巴结核、胃气痛
野芋,,治毒蛇咬伤、蜈蚣、黄蜂、土鳌虫咬伤、急性淋巴腺炎
山白菊,,治蕲蛇、蝮蛇咬伤、鼻衄、感冒发热、老年慢性气管炎
毛慈姑,,治蛇、虫、犬、兽、蜂咬伤，痈疽恶疮、砒石、河豚中毒、疔肿、黄疸、淋巴结、虎口生疮、胃痛
山乌桕根,,治毒蛇咬伤、痔疮、皮肤湿痒、白浊
蛇地钱,,治蛇咬伤、烫伤、老疮、背痈、指疔、无名肿毒
蛇总管,,治各种毒蛇咬伤、风热咳嗽
苦菜,,治朴蛇瘴、壶蜂螯伤、对口恶疮、肝硬化、小儿疳积
算盘子叶,,治毒蛇、蜈蚣咬伤、乳腺炎、喉痈
苦地胆,,治蛇咬伤、脚气、鼻出血、腋下肿毒
山苦瓜,,治毒蛇、黄蜂、蜈蚣、毒虫咬伤、痈疖、跌打扭伤、大肠下血
紫竹根,,治疯狗咬伤、毒发、骨节痛、狂犬病
九节子,,治毒蛇咬伤、小儿风热惊风、感冒咳嗽、百日咳
九头狮子草,,治毒蛇咬伤、无名肿毒、疔疮、白喉、乳蛾、痔疮、咯血、臭虫、小儿惊风
山海螺,,治毒蛇咬伤、肺痈、肠痈、乳蛾、阴虚头痛
翻天王,,治毒蛇咬伤、无名肿毒、小儿胎毒、婴儿湿疹、劳损腹痛
翻天印,,治毒蛇咬伤、腮腺炎、咽喉肿痛
华山矾,,治毒蛇、蜈蚣咬伤、乳腺炎、痢疾、刀斧伤
蛇附子,,治银环蛇、五步蛇咬伤、小儿高热、肺炎、肝炎
人参,人参补肾汤,治元气欲脱、食欲不振、喘咳、哮喘、身热口渴、吐血下血、消渴、惊悸健忘、阳虚、血虚、肝炎使用激素反应、呼吸功能不全、子宫颈糜烂、恶性肿瘤
党参,钟乳散,治脾胃虚弱、喘促气急、麻风病、心律失常、早搏、高脂血症、血虚痿黄、泻痢、食管憩室、低血压
黄芪,补中益气汤,治脾肺气虚、食少便溏、气虚阳衰、久泻脱肛、便血骨漏、自汗、盗汗、痈疽不溃、浮肿、中风、消渴、风湿、尿血、便秘、肾炎、乙肝、早搏、硬脑
白术,痛泻要方,治脾虚食少、脘腹冷痛、痰饮水肿、枯瘦、自汗、胎动不安、气虚、便秘、久泻
山药,薯蓣丸,治久咳虚喘、食少纳呆、遗精盗汗、腰膝冷痛、小便频数、白带过多、烦渴、消渴、项后结核、消化不良、糖尿病、高血糖
甘草,复脉汤,治食少便溏、气喘咳嗽、失眠心悸、四肢挛急、室性早搏，胃、十二指肠溃疡，痈疽疮毒、咽喉肿痛，食物、药物中毒
太子参,地骨皮饮,治病后虚弱、津伤口渴、肺虚咳嗽、心悸失眠、崩漏不止、慢性肝炎、小儿夏季热
扁豆,香薷散,治脾虚泄泻、暑湿伤中、风湿关节痛、伤暑眩晕、疟疾
大枣,甘麦大枣汤,治脾胃虚弱、血虚痿黄、卒急心痛、痰饮水泄、胸闷心烦、小便不利、癔病失眠、紫癜、输血反应
蜂蜜,琼玉膏,治久病体虚、便秘、肺燥干咳、高血压、寒疝腹痛，胃、十二指肠溃疡，乌头、附子毒
黄精,温阳利水饮,治肺结核咳嗽、干咳无痰、精虚发白、胃热口渴、精血亏虚、大便干燥、消渴、低血压、百日咳、冠心病、糖尿病、少年近视
假地兰,,治气虚耳鸣、病后耳聋、夜梦遗精、虚弱气坠、四肢无力、麻疹不透
陈仓米,附子汤,治病后虚弱、反胃嗝气、暑月吐泻、噤口痢、一切恶疮
头晕药,三炎煎,治虚弱自汗、头晕头痛、肾亏阳痿、自汗、咳嗽、月经不调
鹿茸,鹿茸丸,治遗精尿频、阳痿早泄、头晕耳鸣、失眠健忘、尿血、崩漏出血、阴疽内陷、贫血、妇女白带过多、遗尿、尿路结石
补骨脂,四神丸,治阳痿早泄、腰膝冷痛、尿频遗尿、滑精、盗汗、久泻便溏、虚寒气喘、阴道滴虫病、子宫内膜出血
杜仲,杜仲丸,治阳痿尿频、头晕目眩、中风挛急、骨折、筋断、高血压、小儿麻痹后遗症、胎动不安
续断,太山盘石散,治腹痛、崩漏失血、吐血、衄血、尿血、乳汁不下、乳痈、跌打损伤、骨折、金疮
淫羊藿,固真丸,治肾虚阳痿、女性性淡漠症、更年期综合症、中风、小儿麻痹后遗症、妇女月经不调、慢性气管炎
巴戟天,温肾散,治肾虚阳痿、滑精早泄、精冷不育、子宫久冷、月经不调、腰痛、风湿痛、小便频数、白浊
肉苁蓉,肉苁蓉丸,治遗精滑精、阳痿早泄、月经量少、腰膝冷痛、宫冷不育、肾虚白浊
胡桃肉,草四神煎,治肾虚腰痛 耳鸣遗精 肠燥便秘 久咳气喘、麻风结节 赤痢不止、肝硬化腹水 象皮腿 囟门肿胀
冬虫夏草,加味天雄散,治肾虚阳痿、遗精、自汗、病后虚损、贫血、劳嗽咯血、恶性肿瘤
菟丝子,菟丝子丸,治遗精滑精、早泄、白浊、久泻便溏、膏淋、小便不禁、胎漏下血、肾虚腰痛、红疖疱疮
葫芦巴,葫芦巴丸,治肾虚阳衰、腹泻胀痛、寒疝、脚气、气攻头痛、膀胱气
沙苑子,冲和汤,治遗精早泄、腰膝酸痛、头晕眼花、目暗不明、尿频、饮食不消、精滑不禁
韭菜子,玉真丸,治肾虚阳痿、梦遗滑精、遗尿尿频、跌伤骨折、玉茎强硬不痿、创伤
狗脊,韭子丸,治老人尿多、腰背强痛、小便过多、半身不遂、一切风疾、外伤出血
骨碎补,菟丝子丸〈又方〉,治肾虚腰痛、耳鸣耳聋、骨折、牙痛、久泻、斑秃、骨疽、咳嗽、阑尾炎、跌伤筋骨、链霉素毒付反应
锁阳,虎潜丸,治阳痿、早泄、遗精、大便燥结、泌尿系感染、胃痛、子宫下垂
阳起石,阳起石丸,治遗精滑精、阳痿早泄、阴痿阴汗、月经失调
蛇床子,安肾丸,治阳痿 妇女宫冷 阴痒 滴虫性阴道炎 寒湿带下 过敏性皮炎 漆疮 阴囊湿疹 小儿恶疮、湿痹腰痛
楮实,楮石丸,治阳痿、腰膝酸软、头晕眼花、耳鸣眼雾、水肿、小便不利
鹿角胶,龟鹿二仙胶,治腰酸腿软、耳聋目花 自汗盗汗、妊娠胎动、梦泄、妊娠胎动、鹤膝风、崩漏 吐血 宫冷不孕
钟乳石,钟乳丸,治阳痿遗精、冷哮痰喘、腰痛脚痹、乳汁不下、下元虚损
鹿衔草,抗骨质增生丸,治肾虚腰痛、宫寒腹痛、肺结核咯血、吐血、衄血、遗尿、风湿性关节炎、脊髓炎、颈椎病、骨质增生
仙茅,九子丸,治阳痿、遗尿、小便频数、腰脚无力、耳鸣、久泻、妇女更年期综合症
益智仁,缩泉丸,治遗尿、尿频、梦泻、腹痛吐泻、小便赤浊、疝痛
千斤拔,千斤活血汤,治风湿骨痛、腰脊劳损、偏瘫痿痹、红白喉蛾、牙痈、牙痛、产后关节痛
紫梢花,宽筋散,治阳痿、阴痒生疮、小便滑数
天雄,天雄散,治肾虚阳痿、小便频数、耳鸣健忘、腰背脚跟痛、风寒湿痹
原蚕蛾,助阳丸,治遗精遗尿、精清精冷、阳痿、外伤出血、玉枕疮
海狗肾,补肾腽肭脐丸,治阳痿早泄、腰膝冷痛、五劳七伤、大便溏泻
蛤蚧,人参蛤蚧散,治阳痿、滑精、肺虚、肺痨咳喘
当归,当归六黄汤,治经闭痛经、瘀血腹痛、月经不调、产后败血、跌打损伤、脑血栓、附骨疽、关节痛、白虎风、痈疽溃疡、肠梗阻、心悸失眠、盗汗
熟地,四物汤,治心悸失眠、盗汗、遗精、耳鸣耳聋、须发早白、小便频数、气道噎塞、胃痛吐酸
何首乌,首乌六味汤,治高血压、冠心病、高胆固醇症、脑血管硬化、消渴、肠燥便秘、久疟、疝气、瘿肿、疔疮、痈疽、瘰疠、风湿关节痛、精神分裂症、须发早白
白芍,痛泻要方,治虚风内动、头痛眩晕、肠鸣泻痢、里急后重、多汗恶风、盗汗、风毒、妇女月经不调、骨质增生、肝硬化腹水、脚气
阿胶,补肺阿胶汤,治咳嗽气喘、吐血、衄血、便血、心烦不眠、手足?疭、血虚晕眩、月脂过多、崩漏下血、妊娠腹痛、产后便秘
桑椹,桑椹合剂,治腰膝酸软、头昏耳鸣、须发早白、失眠多梦、内热消渴、大便秘结、乙型肝炎
紫河车,大造丸,治精血亏虚、阳痿早泄、心悸怔忡、头晕耳鸣、盗汗遗精、月经不调、小产、难产、久咳虚喘、再生障碍性贫血、支气管哮喘
棉花根,棉根止咳汤,治体虚咳嗽、贫血、子宫脱垂、小儿营养不良、慢性气管炎、肺结核、食道癌
奶参,,治血虚气弱、乳汁不足、咳嗽痰多、肺痈、肠痈、乳蛾、毒蛇咬伤
麦冬,生脉散,治阴虚血亏、劳嗽咳血、便秘、百日咳、吐血、衄血、咽喉不利、心动过缓、心率失常、感染性休克、小儿厌食症
枸杞子,复盆子丸,治腰膝酸软、遗精盗汗、未老先衰、闭经、不孕、消渴、头晕目眩、阴虚劳嗽、小便频数、男性不育、乙型肝炎
龟板,大补阴丸,治盗汗遗精、头晕目眩、崩漏、月经过多、梦泄、失眠、健忘、痔疮、小儿囟门不合
鳖甲,青蒿鳖甲汤,治热病伤阴、骨蒸劳热、痉厥、久疟、痔疮、吐血、月经不调
石斛,清暑益气汤,治口干烦渴、胃脘疼痛、消渴、自汗、腰膝酸软、目暗不明、雀目
沙参,一贯煎,治肺热燥咳、咯血、盗汗、烦渴、食欲不振、肺痈、惊烦
玉竹,棘刺丸,治肺热燥咳、津伤口渴、阴虚外感、自汗盗汗、赤眼涩痛
天冬,天王补心丹,治肺痈、消渴、吐血、咯血、面目浮肿、肠燥便秘、咽喉肿痛、劳嗽咳血
旱莲草,生蒲黄汤,治头晕目眩、腰膝酸痛、须发早白、吐衄尿血、崩漏、白浊，胃、十二指肠溃疡，菌痢、肠出血、子宫出血
女贞子,脱发方,治阴虚发热、头昏目眩、须发早白、目暗不明、神经衰弱、失眠、瘰疠、火烫伤
黑脂麻,扶桑丸,治须发早白、头晕眼花、肠燥便秘、风湿、赤淋、阴部湿痒、翻花疮
鸡子黄,百合鸡子汤,治心烦不眠、胃逆呕吐、虚劳吐血、麻风溃疡、皮肤湿疹、小儿头疮
人尿,白通加猪胆汁汤,治肺痿、产后血晕、骨蒸发热、厥逆干呕、崩漏
秋石,秋石四精丸,治虚劳、白浊、遗精、小便频数、膏淋、精散、赤白带下
乌骨鸡,生干地黄散,治虚劳血气、赤白带下、遗精白浊、消瘦、盗汗、咳血、劳伤、滑泄、妇女不孕症
盘龙参,,治阳痿、病后虚弱、糖尿病、心胃病、汤火伤
白花蛇舌草,理气化结汤,治胃癌、食道癌、直肠癌、阑尾炎、肾炎、胆结石、盆腔炎、附件炎、跌打损伤
白英,理胃化结汤,治鼻咽癌、子宫颈癌、食道癌、瘰疠、乳痈、黄疸、淋巴结核、肝脓肿、纤维瘤、皮肤病、关节炎
山豆根,清蛾汤,治肝癌、食道癌、咽喉肿痛、肺炎、乙型肝炎、钩端螺旋体、银屑病
蒲葵,蒲葵消瘤散,治子宫颈癌、声带癌、膀胱癌、喉癌、肝癌、消化道癌、水肿、鼻咽癌、脑瘤、热淋
急性子,内外损伤方,治胃癌、食道癌、溃疡、难产、肾囊溃烂、丝虫病、小儿痞积、跌打损伤、肚腹内伤
黄药子,通阻3号,治食道癌、纵膈肌癌、瘿瘤、胃痛、疝气、吐血衄血、扭伤、无名肿毒
半枝莲,杀癌合剂1号,治肝癌、鼻咽癌、肺癌、肠癌、胃癌、乳岩、恶性肿瘤、咽喉痛、扁桃体炎、跌打损伤
半边莲,半星合剂,治肺癌、肝癌、阴茎癌、黄疸水肿、臌胀、血防“846”链霉素反应
野菊花,野菊软坚汤,治肺癌、胰腺癌、肺结核、高血压、疔疮肿毒、咽喉肿痛、痈疽脓疡、肺炎、支气管炎、阑尾炎、肠风、头痛
蟾酥,蟾酥丸,治胃癌、直肠癌、白血病、喉痹、咽喉肿痛、瘰疠、腹痛吐泻、疔疮肿毒、发背痈疽、各种恶疮
斑蝥,神效癣药,治肝癌、贲门癌、胰腺癌、阴疽、流注、瘰疠、恶疮、牛皮癣、风湿痛、神经痛、疟疾、痈疽、症瘕、狂犬咬伤
昆布,宫症汤,治胃癌、鼻咽癌、食道癌、淋巴转移癌、瘰疠痰核、瘿瘤、胁下肿块、膈气、睾丸肿痛、脚气水肿
硇砂,消癌散,治胃癌、食道癌、直肠癌、痈疽肿毒、月经不通、咳吐不利、喉痹、腹胁胀满、气攻心痛、反胃呕逆、目生胬肉、鼻中息肉
石蒜,石蒜利水散,治子宫颈癌、水肿、肺结核、痔痛、痰火
铁树叶,铁乌止痢汤,治子宫颈癌、肛门癌、赤痢、便血、心胃气痛、难产
金果榄,玉枢丹,治血管瘤、脂肪瘤、卵巢恶性肿瘤、食道癌、痈疽肿毒、恶疮、各种炎症
猫爪草,百参汤,治声带癌、淋巴肉瘤、淋巴结核、瘰疠、疟疾
菝葜,菝葜散,治卵巢恶性肿瘤、胃癌、食管癌、风湿关节痛、筋骨痛、淋病、吐血、子宫脱垂
薏苡仁,加味八珍汤,治胃癌、子宫癌、喉癌、直肠癌、癌症胸腹水、绒毛膜上皮癌、肺痈、肠痈、湿痹、泄泻、头痛、水肿脚气、夜盲、蛔虫病、坐骨神经痛、鞘膜积液
野百合,养阴清肺消积汤,治胃癌、子宫颈癌、肺癌、疮疖
卷柏,软坚缩脾汤,治肝癌、胃癌、食道癌、骨癌、绒毛上皮癌、癫痫、便血、闭经、腹痛、哮喘、跌打损伤、妇女血瘕不育、子宫肌瘤
羊蹄根,羊蹄乌贼汤,治胃溃疡出血、淋病、干、湿癣，血小板减少症、疥疮、慢性气管炎
龙葵,龙葵合剂,治子宫癌、卵巢癌、肝癌、肺癌、鼻咽癌、血崩、吐血、瘰疠、痈疽恶疮、跌打扭筋
凤尾草,补肾巴戟丸,治直肠癌、子宫出血、肝炎、结膜炎、痛经、痢疾、尿路感染、瘰疠、咳嗽气喘、流感高热、赤白带下、狂犬、蛇咬伤
垂盆草,,治卵巢恶性肿瘤、肺癌、子宫脱垂、湿热黄疸、狂犬咬伤
野鸦椿,野鸦椿汤,治寒疝腹痛、睾丸肿大、产褥热、跌打损伤、脱肛、风疹
魔芋,魔芋抗癌汤,治甲状腺癌、淋巴肉瘤、鼻咽癌、脑癌、外阴癌、腹内肿块、头上痈疽、跌打扭伤、外伤、脚抽筋、毒蛇咬伤
黎罗根,一扫光汤,治血管瘤、胃癌、大肠癌、各种疮毒、癣疮、蛔虫病
三尖杉,,治淋巴肉瘤、肝癌、绒毛膜上皮癌、恶性葡萄胎、淋病、食积、产后腹胀
复盆子根,复盆饮,治乳腺癌、呕逆不食、肩疖、烫火伤
了哥王,大救驾汤,治肝癌、乳腺癌、肝硬化腹水、骨折、牙痛、臌胀、哮喘、鹤膝风
玉簪,无痛拔牙散,治乳腺癌、咽喉肿痛、小便不通、肚心痈毒、老年头昏、牙痛
石打穿,参术紫草汤,治食道癌、晚期胃癌、噎膈、急慢性肝炎、跌打疯肿、鹤膝风
猪苓,加味猪苓汤,治膀胱癌、子宫颈癌、水肿、小便不利、尿道涩痛、水湿泄泻、白带过多、呕吐、〓疟
爵床,爵龙汤,治肝癌、膀胱癌、乳糜尿、瘰疠、肾盂肾炎、血痢、肝硬化腹水、结核性肛瘘
三颗针,三马菊花汤,治结膜炎、咽喉肿痛、肠炎痢疾、湿热痹痛、无名肿毒、丹毒、湿疹、跌打瘀肿、烫伤
长春花,,治恶性淋巴瘤、何杰金氏病、白血病、蕈样霉菌病、绿色瘤、肾母细胞瘤、乳癌、腺癌、黑色素瘤
喜树,,治胃癌、肝癌、结肠癌、膀胱癌
田基黄,茵陈加减汤,治肝癌、肠痈、肺痈、湿热黄疸、跌打损伤、急性阑尾炎、中暑高热、毒蛇咬伤
朱砂根,,治喉癌、食管癌、咽喉肿痛、风湿骨节痛、劳伤吐血
景天三七,,治肺癌、尿血、跌打损伤、心烦失眠
费菜,,治胃癌、癔病、便血、跌打骨折、扭伤
草珊瑚,草珊瑚汤,治胃癌、肠癌、食管癌、肝癌、胰腺癌、直肠癌、肠系淋巴肉瘤、肠胃炎、风湿痹痛、跌打损伤、闭经、感冒
