药名,性味,功效,临床应用
麻黄,辛、微苦，温。肺膀胱,发汗解表，宣肺平喘，利水消肿,1、用于风寒表实证2.用于咳喘实证3.用于风水水肿
桂枝,辛、甘，温，肺心膀胱,发汗解肌，温经通脉，通阳化气,1、用于外感风寒表证2、用于寒凝血滞的痹证，脘腹冷痛，痛经，经闭等证3、用于胸痹，痰饮，水肿及心动悸，脉结代。
紫苏,辛，温， 肺脾,发汗解表，行气宽中，解鱼蟹毒,1、用于外感风寒证2、用于脾胃气滞证3、用于食鱼蟹中毒
生姜,辛，微温， 肺脾,发汗解表、温中止呕，温肺止咳,1、用于外感风寒表证2、用于多种呕吐证3、用于风寒咳嗽
香薷,辛，微温， 肺胃脾,发汗解表，化湿和中，利水消肿,1、用于阴暑证2、用于水肿
荆芥,辛，微温 肺肝,祛风解表，透疹止痒止血,1、用于外感表证2、用于麻疹透发不畅，风疹搔痒3、用于疮疡初起兼有表证4、用于吐衄下血
防风,辛甘微温，膀胱肝脾,祛风解表，胜湿止痛止痉,1、用于外感表证2、用于风寒湿痹证3、用于破伤风
羌活,辛苦温，膀胱肾,发散风寒，胜湿止痛,1、用于外感风寒表证2、用于风寒湿痹证
藁本,辛温，膀胱肝,祛风散寒，胜湿止痛,1、用于外感风寒，颠顶头痛 2、用于风寒湿痹
白芷,辛，温，肺胃,祛风散寒，通窍止痛，消肿排脓，燥湿止带,1、用于风寒感冒，头痛，牙痛2、用于鼻塞，鼻渊3、用于疮疡肿毒4、用于寒湿带下
细辛,辛温；有小毒，肺肾心,祛风解表，散寒止痛，温肺化饮，通窍,1、用于外感风寒及阳虚外感证2、用于头痛，痹痛，牙痛等痛证3、用于寒饮咳喘
苍耳子,辛苦温；有小毒，肺,祛风解表，宣通鼻窍，除湿止痛,1、用于风寒表证及鼻渊2、用于痹证
葱白,辛温，肺胃,发汗解表，散寒通阳,1.用于外感风寒表证，2.用于阴盛格阳证。
胡荽,辛温，肺胃,解表透疹，健胃消食,1.用于麻疹透发不畅，2.用于胃寒食滞
柽柳,辛平，肺胃心,解表透疹，祛风除湿,1. 用于麻疹透发不畅，2.用于风寒湿痹
辛夷,辛温；肺胃,发散风寒，宣通鼻窍,1、用于风寒头痛鼻塞2、用于鼻渊头痛
鹅不食草,辛，温；肺肝,祛风散寒，宣通鼻窍，化痰止咳,1、用于风寒头痛及鼻渊鼻塞2、用于湿疮肿毒3、用于寒痰咳喘证
薄荷,辛，凉； 肺肝,发散风热，清利咽喉，透疹解毒，疏肝解郁,1、用于外感风热及温病初起的发热、微恶风寒、头痛者2、用于风热上攻所致头痛目赤，咽喉肿痛3、用于麻疹初起透发不畅，或风疹搔痒4、用于肝气郁滞，证见胸闷、痛等
牛蒡子,辛，苦，寒；肺胃,发散风热，宣肺透疹，利咽散结，解毒消肿,1、用于外感风热，证见咳嗽、吐痰不利等2、用于麻疹初起，透发不畅及风热发疹等证3、用于风热或热毒上攻的咽喉肿痛4、用于热毒疮疡及痄腮
蝉蜕,甘，寒； 肺肝,发散风热，透疹止痒，祛风止痉，退翳明目,1、用于外感风热，咽痛喑哑2、用于麻疹初起，疹发不透及风疹瘙痒3、用于惊痫夜啼，破伤风证4、用于风热目赤，目翳，多泪
桑叶,甘苦，寒； 肺肝,发散风热，润肺止咳，平肝明目,1、用于外感风热，温病初起，证见发热头痛、咽喉肿痛等2、用于肺热或燥热伤肺，症见咳嗽痰少，鼻咽干燥等3、用于肝阳眩晕，目赤昏花
菊花,辛，甘，苦，微寒，肺肝,发散风热，清肝明目，平抑肝阳，清热解毒,1、用于外感风热及温病初起初起，发热头痛2、用于目疾3、用于肝阳上亢，头痛眩晕4、用于疔疮中毒
蔓荆子,辛苦微寒；膀胱肝胃,发散风热，清利头目,1、用于外感风热所致头晕、头痛及偏头痛等证2、用于目赤肿痛，目昏多泪
柴胡,苦辛，微寒，肝胆,疏散退热，疏肝解郁，升举阳气，清胆截疟,1、用于少阳证，外感发热2、用于肝郁气滞，胸胁疼痛，月经不调3、用于气虚下陷，久泻脱肛，胃、子宫下垂4、用于疟疾
升麻,辛、微甘，微寒，肺脾胃大肠,发表透疹，清热解毒，升举阳气,1、用于发热头痛，麻疹透发不畅2、用于热毒所致多种病证3、用于中气下陷所致脱肛，子宫脱垂，崩漏不止
葛根,甘辛凉， 脾胃,解肌退热，透发麻疹生津止渴，升阳举陷,1、用于外感发热，头痛项强2、用于麻疹透发不畅3、用于热病烦渴，内热消渴4、用于热泄热痢，脾虚久泻
淡豆豉,甘辛凉，肺胃,解表，除烦,1.用于外感表证，2.胸中烦闷，虚烦不眠。3.护胃和中。
浮萍,辛寒，肺膀胱,发汗解表，透疹止痒，利水消肿,1.外感风热，发热无汗证，2.麻疹透发不畅，风疹瘙痒，3.水肿，小便不利。
木贼,甘苦平，肺肝,疏散风热，明目退翳，,1.风热目赤，翳障多泪。2.便血，痔血。
石膏,辛、甘，大寒 肺胃,清热泻火，除烦止渴收敛生肌,1、用于气分实热证2、用于肺热咳喘3、用于胃火牙痛4、用于疮疡溃后不敛，湿疹，水火烫伤
知母,苦、甘，寒 肺胃肾,清热泻火，滋阴润燥,1、用于气分实热证2、用于肺热咳嗽，阴虚燥咳3、用于阴虚消渴4、用于骨蒸潮热
寒水石,咸寒，心胃肾,清热泻火,1.用于热病烦渴，2.用于丹毒，烫伤。
芦根,甘，寒 肺胃,清热生津，除烦止渴，利尿,1、用于热病烦渴2、用于肺热呕吐3、用于肺热咳嗽，肺痈咳吐脓血4、用于热淋涩痛
天花粉,甘、微苦，微寒，肺胃,清热生津，消肿排脓,1、用于热病口渴，内热消渴2、用于肺热咳嗽或燥咳3、用于痈肿疮疡
竹叶,甘、辛、淡，寒。心胃小肠,清热除烦，生津，利尿,1、用于热病烦渴2、用于口舌生疮，尿赤涩痛
淡竹叶,甘淡寒，心胃小肠,清热除烦，利尿,1、用于热病烦渴2、用于口舌生疮，尿赤淋浊
莲子心,苦寒，心肾,清心安神，涩精止血,1.用于热病高热神昏，2.用于失眠，遗精。
熊胆,苦寒，肝胆心,清热解毒，清肝明目，息风止痉,1.用于惊痫抽搐，2.用于肝热目赤，3.疮痈，痔疮肿痛。
鸭趾草,甘苦寒，肺胃膀胱,清热泻火，解毒利水,1.热病，2.咽痛，疮疡，毒蛇咬伤，3.水肿，热淋
栀子,苦，寒，心肝肺胃三焦,泻火除烦，清热利湿，凉血解毒,1、用于热病烦闷2、用于湿热黄疸3、用于血热出血4、用于热毒疮疡
夏枯草,辛苦寒，肝胆,清肝明目，消肿散结,1、用于目赤肿痛、头痛眩晕，目珠疼痛2、用于瘰疬瘿瘤
决明子,甘苦咸，微寒。 肝肾大肠,清肝明目，润肠通便,1、用于目赤肿痛，目暗不明2、用于头痛眩晕3、用于肠燥便秘
谷精草,辛肝凉，肝胃,疏散风热，明目退翳,1.用于目赤翳障。2.用于头痛齿痛。
密蒙花,甘微寒，肝,清肝养肝，明目退翳。,目赤翳障
青葙子,苦微寒，肝,清肝明目，退翳,目赤翳障（青光眼患者忌服）
黄芩,苦寒， 肺胃胆大肠,清热燥湿，泻火解毒，止血，安胎,1、用于湿温暑湿，黄疸泻痢，热淋涩痛2、用于肺热咳嗽3、用于热病烦渴，寒热往来4、用于咽喉肿痛，痈肿疮毒5、用于血热出血证6、用于胎动不安
黄连,苦寒， 心肝胃大肠,清热燥湿，泻火解毒,1、用于湿热中阻、脘痞呕恶，泻痢腹痛2、用于热病高热3、用于心烦失眠，胃热呕吐4、用于痈肿疮毒5、用于血热出血证
黄柏,苦寒，肾膀胱大肠,清热燥湿，泻火解毒，泻火解毒,1、用于湿热带下，热淋，足膝肿痛，泻痢，黄疸2、用于疮疡肿毒，湿疹湿疮3、用于阴虚发热，遗精盗汗
龙胆,苦寒，肝胆膀胱,清热燥湿，泻肝火,1、用于阴肿阴痒，带下，湿疹，黄疸2、用于肝火头痛，肝热目赤，高热抽搐
苦参,苦寒，心肝胃大肠膀胱,清热燥湿，杀虫，利尿,1、用于湿热之泻痢、黄疸、带下2、用于皮肤瘙痒，疥癣，麻风3、用于小便涩痛
白鲜皮,苦寒，脾胃,清热燥湿，解毒，祛风,1、用于湿热疮毒，湿疹，疥癣2、用于湿热黄疸3、用于湿热痹痛
椿皮,苦涩寒，大肠肝,清热燥湿，涩肠止泻，止血止带,1.用于湿热泻痢，久泻久痢。2.赤白带下，3.。崩漏，便血，痔血。4.杀虫。
金银花,甘寒，肺心胃,清热解毒，疏散风热,1、疮痈疔肿2、外感风热，温病初起3、热毒血痢
连翘,苦，微寒，肺心胆,清热解毒，消痈散结，疏散风热,1、疮痈肿毒，瘰疬结核2、外感风热，温病初起
大青叶,苦，大寒，心肺胃,清热解毒，凉血消斑,1、疮痈丹毒，口疮，咽痛2、外感风热，温病初起3、热入营血，高热斑疹
板蓝根,苦，寒 心胃,清热解毒，凉血利咽,1、温病发热，头痛，喉痛或身发斑疹2、大头瘟疫，丹毒痄腮
青黛,咸，寒 肝肺,清热解毒，凉血消斑，清肝泻火,1、痄腮喉痹，疮痈丹毒2、热毒发斑，吐血衄血3、肝热惊痫4、咳嗽痰血
贯众,苦，微寒；有小毒肝脾,清热解毒，凉血止血，杀虫,1、风热感冒，热毒斑疹，痄腮2、吐血衄血，便血崩漏3、多种肠道寄生虫病
三丫苦,苦寒，心,清热解毒，祛风除湿，散瘀止痛。,1，疮痈肿痛，蛇虫咬伤。2.外感气诸证。3.风湿痹痛，4.跌打损伤。
蒲公英,苦甘寒，肝胃,清热解毒，利湿,1、疮痈，乳痈，内痈2、热淋，黄疸
蚤休,苦微寒有小毒，肝,清热解毒，消肿止痛，息风定惊,1痈肿疮毒，毒蛇咬伤。2.跌打损伤，3。小儿惊风
木芙蓉叶,辛平，心肝肺,清热解毒，凉血消肿,痈肿疮毒，丹毒，烫伤，跌打损伤。
紫花地丁,苦寒，心肝,清热解毒，消痈散结,1、用于疮痈疔肿，乳痈肠痈2、用于毒蛇咬伤
野菊花,苦辛微寒，肺肝,清热解毒,1、用于疮痈疔肿2、用于咽喉肿痛，风火赤眼
千里光,苦寒，肝,清热解毒，清肝明目,1.用于疮痈疖肿，水火烫伤，2.用于目赤肿痛。
四季青,苦涩寒，肺心,清热解毒，凉血止血，敛疮,1．用于水火烫伤，下肢溃疡，湿疹，疮痈。2.用于肺热咳嗽，咽喉肿痛，热淋涩痛，3.用于外伤出血。
鱼腥草,辛，微寒，肺,清热解毒，消痈排脓，利尿通淋,1、肺痈，肺热咳嗽2、热毒疮痈3、热淋
金荞麦,苦微寒，肺脾胃,清热解毒，消痈利咽，祛风湿。,1.肺痈吐脓，痈肿疮疔，2。肺热咳嗽，咽喉肿痛。3.风湿痹痛。
穿心莲,苦，寒 肺胃大肠，小肠,清热解毒，燥湿,1、温病初起，肺热咳嗽，肺痈，咽喉肿痛2、痈肿疮毒，毒蛇咬伤3、湿热泻痢，湿疹瘙痒，热淋
半边莲,甘淡寒，心小肠肺,清热解毒，利水消肿,1.用于疮痈肿毒，毒蛇咬伤，2，大腹水肿。
半枝莲,辛苦寒，肺肝肾,清热解毒，散瘀止血，利水消肿,1，用于疮痈肿毒，毒蛇咬伤，2.用于跌打损伤，吐衄，血淋。3.用于大腹水肿。
山慈菇,辛寒，有小毒，肝胃,清热解毒，消痈散结,用于痈疽疔毒，发背恶疮，瘰疬痰核。解毒散结作用。
漏芦,苦寒，胃,清热解毒消痈，通乳。,1.用于疮痈，乳痈。2.用于乳房胀痛，乳汁不下。
白花蛇舌草,苦甘寒，胃大肠小肠,清热解毒消痈，利湿通淋,1、用于疮疡肿毒，咽喉肿痛，毒蛇咬伤2、用于肠痈腹痛3、用于热淋
红藤,苦平，大肠肝,清热解毒，活血止痛,用于肠痈，疮痈。跌打损伤，经行腹痛，风湿痹痛
败酱草,辛、苦，微寒，肝胃大肠,清热解毒，消痈排脓，祛瘀止痛,1、用于肠痈，肺痈，疮痈2、用于产后瘀阻腹痛
土茯苓,甘淡，平，肝胃,解毒利咽，通利关节,1、用于梅毒2、用于热淋，带下，湿疹
白蔹,苦辛，微寒，心胃,清热解毒，消痈敛疮,1、用于疮痈肿痛或溃久不敛2、用于水火烫伤
白头翁,苦，寒，大肠  ,清热解毒，凉血止痢,用于热毒血痢
马齿苋,酸寒，肝大肠,清热解毒，凉血止痢，通淋,1.热毒血痢，2.疮痈肿毒，3.崩漏便血，4.热淋，血淋。
鸦胆子,苦寒，有小毒，大肠肝,清热解毒，止痢，截疟，腐蚀赘疣,1．用于热毒血痢，休息痢。2。疟疾，3.鸡眼赘疣。
秦皮,苦涩，寒，大肠肝胆,清热解毒，燥湿止痢，清肝明目,1、用于热毒泻痢，湿热带下2、用于目赤肿痛，目生翳障
铁苋,苦涩凉，大肠肝,清热解毒，凉血止血,1.用于热毒泻痢，2.用于血热出血，外伤出血。
地锦草,苦辛平，肝胃大肠,清热解毒，活血止血，利湿退黄,1.用于热毒泻痢，2.用于热毒疮痈，毒蛇咬伤。3.用于多种出血证，4.用于湿热黄疸。
射干,苦，寒   肺,清热解毒，利咽祛痰,1、用于咽喉肿痛2、用于痰痈咳喘
山豆根,苦，寒，肺胃,清热解毒，利咽消肿,1、用于热毒雍结之咽喉肿痛2、用于牙龈肿痛
马勃,辛平，肺,清热解毒，利咽，止血,1，咽喉肿痛，咳嗽失音。2.吐血衄血，外伤出血。
橄榄,甘酸平，肺,清热解毒，利咽生津,1.用于咽喉肿痛。2。用于中酒毒和鱼蟹毒。
余甘子,甘酸涩凉，肺脾胃,清热解毒，利咽生津，润肺化痰,用于咽痛，咳嗽。本品嚼食可治食积呕吐，腹痛；鲜果嚼食可治高血压病。
金果榄,苦寒，肺大肠,清热解毒，利咽，止痛,1．咽喉肿痛2。疮痈肿痛，泻痢腹痛，脘腹疼痛。
朱砂根,苦辛凉，肺大肠,清热解毒，利咽，散瘀止痛,1.用于咽喉肿痛，2.用于风湿痹痛，跌打损伤。
木蝴蝶,苦甘凉，肺肝胃,清热利咽，疏肝和胃,1.用于咽痛肿痛，2.用于肝胃气痛。
千层纸,苦甘凉，肺肝胃,清热利咽，疏肝和胃,1.用于咽痛肿痛，2.用于肝胃气痛。
土牛膝,苦酸，平，肺肝,清热解毒，活血散瘀，利水通淋,1、用于痛经、经闭，风湿痹痛2、用于热淋
胖大海,甘，寒，肺大肠,清热利咽，润肺开音，清热通便,1、用于咽喉肿痛，咳嗽失音2、用于燥热便秘
肿节风,辛苦平，有小毒，肝肺大肠,清热解毒，祛风除湿，活血止痛。,1.用于感冒发热，咽痛咳嗽，泻痢腹痛。 2.用于风湿痹痛，3.用于跌打损伤。
绿豆,甘，寒，心胃,清热解毒，消暑，利尿,1疮痈肿毒2、药食中毒3、用于暑热烦渴、小便短赤
生地黄,甘、苦，寒 心肝肾,清热凉血，养阴生津,1、用于热入营血证2、用于吐血衄血，便血崩漏，热毒湿疹3、用于热病口渴，内伤消渴，肠燥便秘
玄参,甘、苦、咸，寒，肺胃肾,清热凉血，滋阴解毒,1、用于热入营血证2、用于咽喉肿痛，瘰疬痰核，脱疽3、用于劳嗽咳血，阴虚发热，消渴便秘
牡丹皮,苦、辛，微寒 心肝肾,清热凉血，活血散瘀,1、用于血热斑疹吐衄2、用于虚热证3、用于经闭痛经，癥瘕积聚，跌打损伤4、用于疮痈，肠痈
赤芍,苦，寒，肝,清热凉血，祛瘀止痛,1、用于血热之斑疹、吐衄2、用于经闭痛经，癥瘕积聚，跌打损伤，疮痈肿痛3、用于目赤肿痛
紫草,甘咸寒，心肝,凉血活血，解表透疹,1.斑疹紫黑。麻疹不透。2.痈疽疮疡，湿疹瘙痒，水火烫伤。
水牛角,苦咸寒，心肝胃,清热凉血，解毒消斑,1.热入营血证，2.血热吐衄，3.疮痈，喉痹
青蒿,苦、辛，寒，肝胆肾,清虚热，凉血，解暑， 截虐,1、用于热病伤阴，夜热早凉2、用于阴虚发热3、用于暑热外感4、用于疟疾
地骨皮,甘寒，胃肝肾,清虚热，清热凉血，清肺降火,1、用于阴虚发热2、用于血热出血3、用于肺热咳嗽泄热而生津止烦渴泄热而泻肾经浮火
白薇,苦咸寒，胃肝,清虚热，清热凉血，利尿通淋，解毒疗疮。,1.用于阴虚发热，产后虚热，2.用于温病热入营血，3。用于热淋，血淋，4.用于疮痈咽痛，毒蛇咬伤。
银柴胡,甘微寒，肝胃,清虚热，除疳热,1.用于阴虚发热，2.用于疳积发热。
胡黄连,苦寒，心肝胃大肠,清虚热，除疳热，清湿热,1.阴虚发热，2.用于疳积发热。3.用于湿热泻痢，痔疮肿痛。
大黄,苦，寒，脾胃大肠肝心,泻下攻积，清热泻火，止血，解毒，活血祛瘀，清泻湿热,1、胃肠积滞，大便秘结2、血热妄行之处血证3、热毒疮疡，丹毒及烧烫伤4、瘀血诸证5、黄疸，淋证
芒硝,咸苦，寒，胃大肠,泻下，软坚，清热,1、用于实热积滞，大便燥结2、用于口疮，咽痛，目赤及疮痈肿痛3、外敷尚可回乳
番泻叶,甘苦寒，大肠,泻下导滞,用于便秘。泻下行水消胀。
芦荟,苦寒，肝大肠,泻下，清肝，杀虫,1.用于热结便秘，2.用于肝经实火证，3.用于小儿疳积。
火麻仁,甘平，脾大肠,润肠通便,用于肠燥便秘
郁李仁,辛苦甘，平，大肠，小肠,润肠通便，利水消肿,1、用于肠燥便秘2、用于水肿腹满，脚气浮肿
松子仁,甘温，肺肝大肠,润燥滑肠，润肺止咳,1.肠燥便秘，2.肺燥咳嗽，3.血燥生风眩晕，风痹。
甘遂,苦，寒；有毒，肺肾大肠,泻下逐饮，消肿散结,1、用于水肿，臌胀，胸胁停饮等证2、用于风痰癫痫3、用于痈肿疮毒
京大戟,苦、辛，寒；有毒，肺肾大肠,泻下逐饮，消肿散结,1、用于水肿，臌胀，胸胁停饮2、用于痈疮肿毒，瘰疬痰核
芫花,辛、苦，温；有毒，肺肾大肠,泻水逐饮，祛痰止咳， 杀虫疗疮,1、用于胸胁停饮，水肿，臌胀2、用于咳嗽痰喘3、用于痈疽肿毒，秃疮，顽癣
商陆,苦寒，有毒，肺肾大肠,泻下利水，消肿散结,1.用于水肿，臌胀，大便秘结，小便不利。2.用于疮痈肿毒。
牵牛子,苦，寒；有毒，肺肾大肠,泻下，逐水，去积， 杀虫,1、用于水肿，臌胀2、用于痰壅喘咳3、用于热结便秘，食滞等4、用于虫积腹痛
千金子,辛温，有毒，肝肾大肠,泻水逐饮，破血消癥,1.用于水肿，臌胀，二便不利，2.用于癥瘕，经闭，3.顽廯，癞疮，黑痣疣赘及蛇伤。
巴豆,辛，热；有大毒，胃大肠肺,峻下冷积，逐水退肿， 祛痰利咽，外用蚀疮,1、寒邪食积阻滞肠胃，卒然腹满胀痛，大便不通，气急口噤者2、腹水臌胀3、喉痹痰阻及寒实结胸4痈疽，疥癣，恶疮
独活,辛、苦，温，肾膀胱,祛风湿，止痹痛，解表,1、风寒湿痹痛2、头风头痛，风寒表证及表证夹湿
防己,苦、辛，寒，膀胱肾脾,祛风湿，止痛，利水消肿,1、用于风湿痹证2、用于水肿，小便不利，脚气肿痛
川乌,辛、苦，热；有大毒，心脾肝肾,祛风除湿，散寒止痛,1、用于风寒湿痹，拘急止痛2、用于寒湿诸痛
蚕砂,甘、辛，温，肝脾胃,祛风除湿，舒筋活络，化湿和中,1、用于风湿痹痛2、用于吐泻转筋
松节,苦温，肝肾,祛风除湿，止痛,风湿痹痛，跌打损伤。善祛筋骨间风寒湿邪而止痹痛
丁公藤,辛温，有小毒。肝脾胃,祛风除湿，消肿止痛,1.用于风寒湿痹，半身不遂。2.用于跌打肿痛。3.发汗解表，用治风寒表实无汗之证。
独一味,苦微寒，有小毒。肝脾,祛风除湿，活血化瘀，消肿止痛,1.用于风湿痹痛。2.用于跌打筋骨，闪腰岔气。3.外敷治外伤出血
闹羊花,辛温，有大毒，肝,祛风除湿，散瘀定痛,风寒湿痹，跌打肿痛。麻醉止痛，外用还可治顽痹。
寻骨风,辛苦平，肝,祛风除湿，通络止痛,风湿痹痛，肢体麻木，跌打伤痛。胃痛，牙痛
马钱子,苦温；有大毒，肝脾,通络止痛，散结消肿,1、用于风湿痹痛，跌打肿腿2、用于痈疽肿痛
雷公藤,辛、苦，寒；有大毒，心肝,祛风除湿，通络止痛，活血止痛，杀虫解毒,1、风湿顽痹2、疔疮肿毒，腰带疮，麻风，顽癣
徐长卿,辛，温，肝胃,祛风止痛，活血通络，止痒,1、用于风湿痹痛及其它各种痛证2、用于跌打损伤3、用于风疹，湿疹，顽癣4、解蛇毒
两面针,辛、苦，平；有小毒，肝胃,祛风通络，活血散瘀，行气止痛,1、用于风湿痹痛，肢体麻木2、用于跌打伤痛3、用于胃痛，牙痛
海桐皮,苦辛平，肝,祛风除湿，通络止痛，杀虫止痒,1.风湿痹痛，四肢拘挛。2.用于疥廯，风疹，湿疹。
八角枫,辛微温，有小毒，肝,祛风除湿，舒筋活络，散瘀止痛,1.用于风湿痹痛，瘫痪麻木，2.用于跌打损伤。用于手术麻醉止痛。
威灵仙,辛、咸，温，膀胱,祛风湿，通经络，消痰水，治骨鲠,1、用于风湿痹痛，拘挛麻木，瘫痪2、用于痰饮积聚3、用于诸骨鲠喉
秦艽,苦、辛，微寒，胃肝胆,祛风湿，舒筋络，退虚热，清湿热,1、用于风湿痹痛，筋脉拘挛，手足不遂2、用于骨蒸潮热，小儿疳热3、用于湿热黄疸
络石藤,苦微寒，心肝,祛风通络，凉血消肿,1.用于风湿痹痛，筋脉拘挛，2.用于喉痹，疮肿。
木瓜,酸，温，肝脾,舒筋活络，除湿和胃,1、风湿痹痛，筋脉拘挛，脚气肿痛2、吐泻转筋
蕲蛇,甘、咸，温；有毒，肝,祛风通络，定惊止痉,1、用于风湿顽痹，口眼喎斜，半身不遂2、用于麻风，疥癣，皮肤搔痒等3、用于小儿急慢惊风，破伤风
乌梢蛇,甘，平，肝,祛风通络，定惊止痉,1、用于风湿痹痛2、用于麻风，疥癣，皮肤瘙痒3、用于小儿急慢惊风，破伤风
稀莶草,苦、辛，寒，肝肾,祛风除湿，通经活络，清热解毒,1、用于风湿痹痛，肢体麻木，半身不遂2、用于疮痈肿毒，湿疹瘙痒3、降血压
臭梧桐,辛苦凉，肝,祛风除湿，通络止痛，降压,1.风湿痹痛，肢体麻木，半身不遂。2，用于高血压病，
丝瓜络,甘平，肺胃肝,祛风通络，化痰解毒,1.用于风湿痹痛，2.用于胸胁痛，3.用于咳嗽痰多，4.用于疮肿，乳痈，5.治乳汁不下。
桑枝,苦平，肝,祛风通络，行水消肿,1.用于风湿痹痛，四肢拘挛，2.用于水肿，脚气浮肿。
伸筋草,苦辛温，肝,祛风除湿，舒筋活血,1.风湿痹痛，筋脉拘挛，皮肤不仁。2.用于跌打损伤。
老鹳草,辛苦平，肝大肠,祛风除湿，舒筋活络，解毒止痢,1．用于风湿痹痛，2.用于湿热泻痢。
路路通,辛苦平，肝胃膀胱,祛风活络，利水，通经下乳,1.风湿痹痛，肢麻拘挛，跌打损伤，2.水肿，小便不利，3经闭，乳房胀痛，乳汁不下。4.祛风止痒
穿山龙,苦辛平，肺肝,祛风除湿，活血通络，化痰止咳,1.用于风湿痹痛，跌打损伤。2.用于咳嗽痰多。3.治疮肿，乳汁不下及经闭。
海风藤,辛苦微温，肝,祛风湿，通经络。,用于风湿痹痛，筋脉拘挛。用于跌打损伤之瘀血肿痛。
五加皮,辛、苦，温，肝肾,祛风湿，强筋骨，利尿,1、用于风湿痹痛2、用于腰膝软弱，小儿行迟3、用于水肿，脚气浮肿
桑寄生,苦、甘，平，肝肾,祛风湿，益肝肾，强筋骨，安胎,1、用于风湿痹痛，腰膝酸软等2、用于胎漏下血，胎动不安
狗脊,苦、甘，温，肝肾,祛风湿，补肝肾，强腰膝,1、用于风湿腰痛脊强，肾虚腰膝软弱2、用于肾虚尿频，遗尿，白带过多
千年健,苦辛温，肝肾,祛风湿，强筋骨，止痹痛,用于风湿痹痛，筋骨无力。
鹿衔草,苦肝平，肝肾肺,祛风湿，强筋骨，调经止血，补肺止咳,1.用于风湿痹痛，腰膝酸软。2.用于崩漏经多，3.肺痨咳血，肺虚久咳。4.补肝肾，止血
雪莲花,微苦，甘温，肝肾,祛风湿，强筋骨，温肾阳，活血通经,1.用于风寒湿痹，筋骨无力。2.用于肾虚阳痿，3.用于月经不调，痛经白带。止血，治外伤出血。
广藿香,辛微温，脾胃肺,化湿，解暑，止呕,1、用于湿滞中焦证2、用于暑湿证及湿温证初起3、用于呕吐
佩兰,辛平，脾胃肺,化湿，解暑,1、用于湿滞中焦证2、用于外感暑湿或湿温初起
苍术,辛苦温，脾胃,燥湿健脾，祛风湿，发表,1、用于湿滞中焦证2、用于风湿痹痛3.外感表证夹湿之证
厚朴,苦辛温，脾胃肺大肠,燥湿，行气，消积，平喘,1、用于湿阻中焦证2用于肠胃积滞3、用于痰饮喘咳
砂仁,辛，温，脾胃,化湿开胃，温脾止泻， 理气安胎,1、用于湿阻中焦，脾胃气滞证2、用于脾胃虚寒吐泻3、用于妊娠气滞恶阻及胎动不安
白豆蔻,辛温，肺脾胃,化湿行气，温中止呕,1、用于湿滞中焦及脾胃气滞证2、用于呕吐
草豆蔻,辛，温，脾胃,燥湿行气，温中止呕,1、用于寒湿中阻，脾胃气滞证2、用于虚寒夹湿久泻
草果,辛，温，脾胃,燥湿散寒，除痰截虐,1、用于寒湿中阻证2、用于疟疾
茯苓,甘淡平，心脾胃,利水渗湿，健脾安神,1、水肿、小便不利2、脾虚诸证3、心悸，失眠
猪苓,甘淡平，肾膀胱,利水渗湿,水肿、小便不利，泄泻，淋浊，带下
泽泻,甘淡寒，肾膀胱,利水渗湿，泻热,1、水肿、小便不利，痰饮，泄泻2、湿热带下，淋浊
薏苡仁,甘淡，微寒，脾胃肺,利水渗湿，健脾止泻，清热排脓，除痹,1、水肿、小便不利2、脾虚泄泻3、肺痈，肠痈4、湿痹筋脉拘挛
赤小豆,甘，平，心小肠,利水消肿，解毒排脓，利湿退黄,1、用于水肿，小便不利2、用于痈疮肿毒3、用于黄疸
冬瓜皮,甘微寒，肺小肠,利水消肿,水肿；暑热烦渴
玉米须,甘平，膀胱肝胆,利水消肿，利湿退黄,1水肿，小便不利，淋证。2.黄疸
葫芦,甘平，肺小肠,利水消肿,面目浮肿，大腹水肿，脚气肿胀。
香加皮,辛苦温，有毒，肝肾心,利水消肿，祛风湿，强筋骨,1.利水，小便不利，2.风湿痹痛，3.肝肾不足，筋骨痿软无力。
泽漆,辛苦微寒，有毒，大肠小肠肺,利水消肿，化痰止咳，散结,1.大腹水肿，四肢面目浮肿。2.肺热咳嗽及痰饮喘咳。3.瘰疬，痰核，廯疮。
蝼蛄,咸寒，膀胱胃,利水消肿,1.水肿，小便不利，2.石淋，癃闭
车前子,甘，寒 ，肾肝肺,利尿通淋，渗湿止泻，清肝明目，清肺化痰,1、用于热淋，水肿、小便不利2、用于暑湿泄泻3、用于目赤肿痛，目暗昏花4、用于热痰咳嗽
滑石,甘、淡，寒，膀胱胃,利尿通淋，清热解暑，祛湿敛疮,1、热淋，石淋2、暑热烦渴、湿温初起3、收湿敛疮
关木通,苦，寒，心小肠膀胱,清热利水通淋， 痛经下乳,1、用于热淋，脚气肿胀2、用于口舌生疮，心烦尿赤3、用于血瘀闭经、乳少4、用于湿热痹痛
通草,甘、淡，微寒，肺胃膀胱,利尿通淋，下乳,1、用于湿热淋证2、用于产后乳汁不通或乳少
瞿麦,苦，寒，心小肠膀胱,利尿通淋,用于热淋
扁蓄,苦微寒，膀胱,利尿通淋，杀虫止痒,1、用于热淋，血淋2、用于湿疹阴痒，虫积腹痛
地肤子,苦，寒，膀胱,清热利湿，止痒,1、用于热淋2、用于湿疹，风疹，皮肤瘙痒，阴痒
海金沙,甘寒，膀胱小肠,利尿通淋,用于各种淋证
石韦,苦甘，微寒，肺膀胱,利尿通淋，清肺止咳，凉血止血,1、热淋，石淋，血淋2、肺热咳喘3、血热出血证
冬葵子,甘寒，大肠小肠膀胱,利水通淋，下乳，润肠通便,1.淋证，水肿。2.产后乳汁不下，乳房胀痛。3.肠燥便秘，
灯心草,甘淡微寒，心肺小肠,利尿通淋，清心除烦,1、热淋2、心烦失眠，小儿夜啼3、治口舌生疮，咽痛
萆薢,苦平脾胃膀胱,利湿浊，祛风湿,1、用于膏淋、白浊2、用于风湿痹证
茵陈,苦寒，脾胃肝胆,清利湿热，利胆退黄,1、用于黄疸2、用于湿温，湿疮，湿疹
金钱草,甘、淡，微寒，肝胆肾膀胱,除湿退黄，利尿通淋， 解毒消肿,1、用于湿热黄疸2、用于石淋、热淋3、用于痈、恶疮肿毒、毒蛇咬伤4、用治烧伤，烫伤
虎杖,苦，微寒，肝胆肺,利胆退黄，清热解毒， 活血祛瘀，祛痰止咳,1、湿热黄疸淋浊，带下2、痈疮肿毒、烧烫伤、毒蛇咬伤3、血瘀经闭、痛经、跌打损伤、癥瘕4、肺热咳嗽
地耳草,苦平，肝胆,利湿退黄，清热解毒，活血消肿,1.湿热黄疸，2.肺痈，肠痈，痈疮肿毒，3.跌打损伤
垂盆草,甘淡微酸凉，肝胆小肠,利湿退黄，清热解毒,1.湿热黄疸，2.痈疮肿毒，毒蛇咬伤
积雪草,苦辛寒，肝脾肾,清热利湿，解毒消肿,湿热黄疸；痈疮肿毒，中暑腹泻。利水通淋，活血疗伤
溪黄草,苦，寒，肝胆大肠,清热利湿，利湿退黄， 凉血散瘀,1、用于湿热黄疸，湿热泻痢2、用于跌打损伤、瘀血肿痛
附子,辛、甘，大热；有毒，心肾脾,回阳救逆，补火助阳， 散寒止痛,1、用于亡阳证2、用于阳虚证3、用于寒痹证
肉桂,辛、甘，热，肾脾心肝,补火助阳，散寒止痛，温经通脉,1、用于肾阳虚证2、用于寒凝血滞的脘腹冷痛，寒湿痹痛，胸痹，寒疝腹痛3、用于寒凝血滞的痛经，经闭4、用于阴疽
干姜,辛，热，脾胃心肺,温中散寒，回阳通脉，温肺化饮,1、用于脾胃寒证2、用于亡阳证3、用于寒饮伏肺喘咳
吴茱萸,辛、苦，热；有小毒，肝脾胃肾,散寒止痛，疏肝降逆，助阳止泻,1、用于寒凝肝脉诸痛2、用于呕吐吞酸3、用于虚寒泄泻证
丁香,辛，温，脾胃肾,温中降逆，散寒止痛，温肾助阳,1、用于胃寒呕吐、呃逆2、用于脘腹冷痛3、用于肾虚阳痿
小茴香,辛，温，肝肾脾胃,散寒止痛，理气和中,1、用于寒疝腹痛，睾丸偏坠胀痛，少腹冷痛，痛经2、用于中寒气滞证
花椒,辛，热，脾胃,温中止痛，杀虫止痒,1、用于脾胃寒证2、用于湿疹瘙痒，阴痒，蛔虫腹痛
高良姜,辛，热，脾胃,散寒止痛，温中止呕,1、用于胃寒腹痛2、用于胃寒呕吐
胡椒,辛热，胃大肠,温中止痛，下气消痰。,1.脾胃寒证，2.癫痫
荜茇,辛热，胃大肠,温中散寒,脾胃寒证
荜澄茄,辛温，脾胃肾膀胱,温中散寒，行气止痛,1.脾胃寒证，2.寒疝腹痛，3.下焦虚寒之小便不利。
山柰,辛温，胃,温中止痛，健胃消食,1.脘腹冷痛，胸膈胀满。2.食积不化证。
陈皮,辛、苦，温，脾肺,理气健脾，燥湿化痰,1、用于脾胃气滞证2、用于痰湿壅滞证
橘红,辛、苦，温，脾肺,散寒、燥湿、利气、 化痰,1、用于风寒咳嗽候痒痰多2、用于食积伤酒，呕恶痞闷
青皮,苦、辛，温，肝胆胃,疏肝破气，消积化滞,1、肝气郁结诸证2、食积气滞证3、气滞血瘀证
枳实,苦辛微寒，脾胃大肠,破气消积，化痰除痞,1、食积气滞，脘腹痞满证2、痰浊阻滞，胸脘痞满证
木香,辛苦温，脾胃大肠胆,行气，调中，止痛,1、脾胃气滞诸证2、大肠气滞，泻下后重3、肝胆气滞证
香附,辛微苦微甘平肝三焦,疏肝理气，调经止痛,1、肝郁气滞诸痛证2、月经不调诸证
乌药,辛，温，肺脾肾膀胱,行气止痛，温肾散寒,1、寒凝气滞所致胸腹诸痛证2、下元虚冷之尿频、遗尿证
沉香,辛、苦，温，脾胃肾,行气止痛，降逆止呕，温肾纳气,1、寒凝气滞之胸腹胀痛证2、胃寒呕吐3、用于虚喘
檀香,辛，温，脾胃肺,理气调中，散寒止痛,寒凝气滞，胃脘冷痛，呕吐食少等证
川楝子,苦，寒；有小毒，肝胃小肠膀胱,行气止痛，疏肝泻热，杀虫疗癣,1、肝郁化火，胁肋胀痛之证2、虫积腹痛
荔枝核,辛微苦温，肝胆,理气止痛，祛寒散结,1.疝气痛，睾丸肿痛。2.妇女痛经，产后腹痛
佛手,辛苦温，肝胆胃肺,疏肝解郁，理气和中，燥湿化痰。,1.肝郁气滞。2.脾胃气滞，3.痰湿壅肺证。
玫瑰花,甘、微苦，温，肝胃,行气解郁，活血止痛,1、用于肝胃不和证2、用于气滞血瘀证3、用于外伤肿痛
薤白,辛苦温，肺心胃大肠,通阳散结，行气导滞,1.胸痹证，2.肠胃气滞，泻痢后重。
青木香,辛苦微寒，肝胃,行气止痛，解毒消肿,1.肝胃气滞证，2.夏令饮食不慎，秽浊内阻之腹痛吐泻，3.痈疮疔毒，皮肤湿疮，毒蛇咬伤。
大腹皮,辛微温脾胃大肠小肠,行气导滞，利水消肿,1、用于胃肠气滞证2、用于水肿，脚气肿痛
柿蒂,苦平，胃,降气止呃,1用于呃逆证
刀豆,甘温，胃肾,降气止呃，温肾助阳,1.虚寒呃逆，2.肾虚腰痛
甘松,辛肝温，脾胃,行气止痛，开郁醒脾,1.中焦寒凝气滞，2.脾胃不和证，3.止痛作用。单泡含漱治龋齿作痛。
九香虫,咸温，肝脾肾,理气止痛，温肾助阳,1.肝胃气滞，胸胁胀痛。2.治肾阳不足之证
山楂,酸甘，微温，脾胃肝,消食化积，行气散瘀,1、用于肉食积滞证2、用于泻痢腹痛3、用于瘀阻肿痛
神曲,甘、辛，温，脾胃,消食和胃,用于饮食积滞证
麦芽,甘，平，脾胃肝,消食和中，回乳消胀,1、用于食积不化2、用于妇女断乳，乳汁郁积、乳房胀痛
谷芽,甘，平，脾胃,消食健胃,用于食积停滞证
莱菔子,辛、甘，平，脾胃肺,消食除胀，降气化痰,1、用于食积气滞证2、用于痰盛气喘证
鸡矢藤,甘苦微寒，脾胃肝肺,消食健胃，化痰止咳，清热解毒，止痛,1.饮食积滞，小儿疳积，2.热痰咳嗽。3.热毒泻痢，咽喉肿痛，疮痈肿毒。4。多种痛证
鸡内金,甘，平，脾胃小肠膀胱,消食健胃，固精止遗,1、用于饮食积滞，小儿疳积2、用于遗精遗尿3、用于结石癥块
使君子,甘，温，脾胃,驱虫消积,1、用于蛔虫证，蛲虫证2、用于小儿疳积
苦楝皮,苦，寒；有毒，肝脾胃,杀虫，疗癣,1、用于蛔虫证、蛲虫、钩虫病2、用于疥癣湿疮
槟榔,苦、辛，温，大肠胃,驱虫消积， 行气利水,1、用于多种肠道寄生虫病2、用于食积气滞，泻痢后重，小儿疳积3、用于水肿，脚气肿痛
南瓜子,甘平，胃大肠,杀虫,用于绦虫证
鹤草芽,苦涩凉，肝小肠大肠,杀虫,用于绦虫证
雷丸,苦寒，有小毒，胃大肠,杀虫,用于绦虫证，钩虫病，蛔虫病
芜荑,辛苦温，脾胃,杀虫，消积,1、用于虫积腹痛2、用于小儿疳积3、外用祛湿杀虫止痒
鹤虱,苦辛平，有小毒，脾胃,杀虫消积,用于虫积腹痛
榧子,甘平，肺胃大肠,杀虫消积，通便，润肺,1.虫积腹痛，2.肠燥便秘，3.肺燥咳嗽。
大蓟,苦、甘，凉，心肝,凉血止血，散瘀解毒消痈,1、用于学热出血证2、用于热毒疮痈
小蓟,苦甘凉，心肝,凉血止血，散瘀解毒消肿,1、用于血热妄行出血证2、用于热毒疮痈
地榆,苦、酸，微寒，肝胃大肠,凉血止血，解毒敛疮,1、用于各种血热出血证2、用于痈疽肿毒
槐花,苦微寒，肝大肠,凉血止血，清肝明目,1、用于血热出血证2、用于肝火上炎之目赤头痛
侧柏叶,苦涩，微寒，肺肝大肠,凉血止血，祛痰止咳,1、用于各种出血证2、用于咳嗽痰多证
白茅根,甘，寒，肺胃大肠,凉血止血，清热利尿,1、用于血热出血证
苎麻根,甘，寒，心肝,凉血止血，安胎，清热解毒,1、用于血热出血证2、用于胎漏下血，胎动不安
荠菜,甘、淡，凉，肝胃,凉血止血，清肝明目，清热理湿,1、用于血热出血证2、用于肝经热甚之头痛目胀，翳障  3、用于湿热之泻痢，水肿，淋浊
景天三七,甘、微酸，平，肝心,化瘀止血，消肿止痛，宁心安神,1、用于各种出血证2、用于跌打损伤
三七,甘微苦温，肝胃,化瘀止血，消肿定痛,1、用于体内外各种出血证2、用于跌仆瘀肿疼痛
茜草,苦，寒，肝,凉血止血，活血通经,1、用于血热夹瘀之出血证2、用于血瘀经闭，跌打损伤，风湿痹痛
蒲黄,甘微辛平，肝心,化瘀，止血，利尿,1、用于各种内外出血证2、用于瘀滞心腹疼痛3、用于血淋
五灵脂,苦甘温，肝脾,化瘀止血，活血止痛,1、用于瘀血内阻之出血证2、用于瘀血内阻诸痛证3、治小儿疳积
降香,辛，温，肝脾,化瘀止血，活血止痛，降气避秽,1、用于瘀阻出血证2、用于血瘀气滞所致的胸胁心腹疼痛及跌打损伤疼痛
花蕊石,酸、涩，平，肝,收敛止血，化瘀,用于各种出血证
白及,苦、甘、涩，微寒，肺胃肝,收敛止血，消肿生肌,1、用于体内外诸出血证2、用于疮疡肿毒，烫伤及肛裂、手足皲裂等
仙鹤草,苦、涩，平，肺肝脾,收敛止血，补虚， 止痢，杀虫,1、用于多种出血证2、用于泻痢3、用于脱力劳伤4、用于疟疾，滴虫性阴道炎
紫珠,苦涩凉，肝肺胃,凉血收敛，清热解毒,1.各种内外出血证，2。痈疽疮毒，毒蛇咬伤，烧烫伤
棕榈,苦涩平，肺肝大肠,收敛止血,用于各种出血证
血余炭,苦涩平，肝胃大肠,收敛止血，化瘀，利尿,1、各种出血证2、小便不利，石淋，血淋，瘀阻黄疸
藕节,甘涩平，肝肺胃,收敛止血，散瘀,用于各种出血证
鸡冠花,甘涩凉，肝大肠,收敛止血，清热凉血，止泻止带,1.各种出血证，2.泻痢，带下。3.敛疮消肿。
花生衣,肝微苦涩平，肝脾,收敛止血,各种出血证
檵木,甘苦涩凉，肝胃大肠,收敛止血，清热解毒，止泻,1.多种出血证，2.泄泻，痢疾，3.清热解毒。
艾叶,辛、苦，温，肝脾肾,温经止血，散寒止痛，调经安胎，祛湿止痒,1、用于虚寒性出血证，尤宜于崩漏2、用于虚寒性腹痛3、用于虚寒性的月经不调及胎动不安4、用于泻痢霍乱，妇女带下及湿疹，疥癣
炮姜,苦、涩，温，脾肝,温经止血，温中止痛，温中止泻,1、用于虚寒性吐血，便血，崩漏等2/用于虚寒腹痛，腹泻等
灶心土,辛，温，脾胃肝,温中止血，温胃止呕，温脾止泻,1、用于脾气虚寒出血2、用于虚寒性呕吐，反胃及妊娠恶阻3、用于脾胃虚寒之脘腹疼痛，久泻不止
川芎,辛，温，肝胆心包,活血行气， 祛风止痛,1、用于血瘀气滞证2、用于头痛3、用于风湿痹痛、肢体麻木
延胡索,辛苦温，心肝脾,活血，行气，止痛,用于血瘀气滞诸痛
郁金,辛、苦，寒，肝心胆,活血止痛，行气解郁，凉血清心，利胆退黄,1、用于血瘀气滞之胸胁腹痛2、用于热病神昏，癫痫等证3、用于肝胆湿热证4、用于肝郁化火，气火上逆，破血妄行之吐血、衄血及妇女倒经等
姜黄,辛、苦，温，肝脾,破血行气，通络止痛,1、用于血瘀气滞诸证2、用于风寒湿痹
乳香,辛苦温，心肝脾,活血止痛，消肿生肌,1、用于血瘀诸痛证2、用于疮疡痈仲，瘰疬
没药,苦辛平，心肝脾,活血止痛，消肿生肌,用于瘀血阻滞之证
丹参,苦，微寒，心肝,活血调经，凉血消痈，清心安神,1、用于血瘀经闭、通经、月经不调，产后瘀滞腹痛等证2、用于血瘀之心腹疼痛，癥瘕积聚等证3、用于疮疡痈肿4、用于温热病热入营血、烦躁不安及心悸失眠等证
红花,辛，温，心肝,活血通经，祛瘀止痛,1、用于血瘀通经、经闭，产后瘀滞腹痛等证2、用于癥瘕积聚，跌打损伤，心腹损伤，心腹瘀阻疼痛等证3、用于血热瘀滞斑疹紫暗
桃仁,苦、甘，平；有小毒，心肝大肠,活血祛瘀，润肠通便，止咳平喘,1、用于多种血瘀证2、用于肺痈，肠痈3、用于肠燥便秘4止咳平喘
益母草,苦、辛，微寒，肝心膀胱,活血祛瘀，利水消肿，清热解毒,1、用于妇人经产诸证2、用于水肿，小便不利3、用于疮痈肿毒，皮肤搔痒
牛膝,苦、酸、甘，平，肝脾,活血通经，补肝肾，强筋骨，引火（血）下行，利尿通淋,1、用于血瘀之痛经、经闭、产后腹痛、胞衣不下及等证2、用于肝肾不足，腰膝酸软无力3、用于上部火热证4、用于淋证，水肿，小便不利
泽兰,苦辛微温，肝脾,活血化瘀，痛经，利水消肿,1.血滞痛经，经闭及产后瘀滞腹痛，恶露不尽，2.跌打损伤，胸胁刺痛及痈肿，3.产后水肿，小便不利。
鸡血藤,苦、甘，温，肝,活血补血，舒筋活络,1、用于血瘀或血虚之月经不调、痛经、经闭等证2、用于痹痛，肢体麻木，半身不遂
王不留行,苦，平，肝脾,活血通经，下乳，消痈，利水通淋,1、用于血瘀痛经，经闭等证2、用于产后乳汁不下或乳痈等证3、用于热淋、血淋、石淋等证
月季花,甘温，肝,活血调经，解郁消肿,1.肝郁血滞之月经不调，痛经，闭经，及胸腹胀痛，2.疮痈肿痛，瘰疬，跌打损伤。（可开水泡服）
凌霄花,辛，微寒，肝,破血通经，凉血祛风,1.血瘀经闭，月经不调，癥瘕积聚。2.风热痒疹
凤仙花,甘微苦，温，肝,活血消肿止痛，祛风,1．血瘀经闭，痛经，产后恶露不尽，跌打损伤，2.风湿痹痛，肢体偏废，卧床不起，3.痈毒疔疮，饿掌风，灰指甲。
土鳖虫,咸，寒；有小毒，肝,破血逐瘀，续筋接骨,1、用于跌打损伤，筋骨折伤，瘀肿疼痛2、用于血瘀经闭，产后瘀滞腹痛，癥瘕
自然铜,辛，平，肝,散瘀止痛，接骨疗伤,用于跌打损伤，骨折筋伤，瘀肿疼痛
骨碎补,苦，温，肝肾,活血续筋，补骨强骨,1、用于跌打损伤，筋伤骨折，瘀肿疼痛2、用于肾虚腰痛，足膝痿弱，耳鸣耳聋，牙痛及久泻等证
血竭,甘、咸，平，心肝,活血化瘀止痛，止血敛疮生肌,1、用于跌打损伤，瘀滞心腹刺痛等证2、用于外伤出血及疮疡不敛等
儿茶,苦、涩，凉，心肺,活血疗伤，止血生肌敛疮,用于外伤瘀肿，出血，湿疮等
刘寄奴,辛、苦，温，心肝脾,破血，通经，止痛，止血，消食化积,1、用于跌打损伤2、用于血瘀经闭，产后瘀阻腹痛
莪术,辛、苦，温，肝脾,破血行气，消积止痛,1、用于血瘀气滞所致的癥瘕积聚2、用于食积气滞，脘腹胀痛
三棱,苦、辛，平，肝脾,破血行气，消积止痛,1、用于血瘀气滞经闭腹痛，癥瘕积聚2、用于食积气滞，脘腹胀痛
水蛭,咸苦平有小毒，肝,破血逐瘀消癥,癥瘕积聚，血瘀经闭，跌打损伤
虻虫,苦微寒，有毒，肝,破血通经，逐瘀消癥,1.癥瘕痞块，血瘀经闭。2。跌打损伤，血瘀肿痛
斑蝥,辛寒，有大毒，肝肾胃,破血逐瘀消癥，攻毒蚀疮散结,1.经闭，癥瘕，2.痈疽，顽廯，瘰疬，狂犬咬伤，3.酒浸液搽斑秃，能促进毛发生长
穿山甲,咸，微寒，肝胃,活血消癥，通经，下乳，消肿排脓,1.用于瘀血阻滞之癥瘕积聚，经闭，风湿痹痛2、用于产后乳汁不下3、用于痈肿疮毒，瘰疬等
半夏,辛，温；有毒，脾胃肺,燥湿化痰，降逆止呕，消痞散结，外用消肿止痛,1、用于湿痰、寒痰证2、 用于胃气上逆呕吐 3、用于胸痹，结胸，心下痞，梅核气 4、用于瘰疬瘿瘤，痈疽肿毒及毒蛇咬伤等
天南星,苦、辛，温；有毒，肺肝脾,燥湿化痰，祛风解痉；外用消肿止痛,1、用于湿痰、寒痰证2、用于风痰所致的眩晕，中风，癫痫及破伤风3、用于痈疽肿痛，瘰疬痰核，毒蛇咬伤
白附子,辛、甘，温；有毒，胃肝,燥湿化痰，祛风止痉，解毒散结止痛,1、用于风痰所致中风口眼斜，惊风癫痫，破伤风，偏头痛等2、用于瘰疬痰核、痈疽肿毒及毒蛇咬伤
白芥子,辛，温，肺,温肺化痰，利气散结，通络止痛,1、用于寒痰壅肺，悬饮2、用于痰湿阻滞经络之肢体关节肿痛，阴疽流注
皂荚,辛、咸，温；有小毒，肺大肠,祛顽痰，开窍通闭，祛风杀虫,1、用于顽痰阻肺之咳喘痰多证
旋覆花,苦、辛、咸，微温，肺脾胃大肠,降气化痰，降逆止呕,1、用于痰饮壅肺或痰饮蓄结证2、用于噫气，呕吐
白前,辛、苦，微温，肺,降气，消痰，止咳,用于肺气壅实，肺气上逆，咳嗽痰多，或咯痰不爽，胸满喘急等
前胡,苦辛微寒，肺,降气化痰，宣散风热,1、用于痰热阻肺证2、用于外感风热咳嗽有痰之证
桔梗,苦、辛，平，肺,开宣肺气，祛痰排脓， 利咽,1、用于肺气不宣的咳嗽痰多，胸闷不畅2、用于热毒壅肺之肺痈3、用于咽喉肿痛，失音
川贝母,苦、甘，微寒，肺心,清化热痰，润肺止咳， 散结消肿,1、用于肺热、肺燥及阴虚咳嗽2、用于瘰疬及乳痈、肺痈、疮痈等
浙贝母,苦，寒，肺心,清热散结，化痰止咳,1、用于风热、痰热咳嗽2、用于瘰疬，瘿瘤，疮痈，肺痈等
瓜蒌,甘、微苦，寒，肺胃大肠,清热化痰，利气宽胸， 散结消痈，润燥滑肠,1、用于痰热咳喘2、用于胸痹，结胸等3、用于肺痈、肠痈、乳痈等4、用于肠燥便秘
竹茹,甘，微寒，肺胃,清化热痰，开郁除烦， 清胃止呕,1、用于肺热咳嗽2、用于痰火内扰之心烦失眠3、用于胃热呕吐
竹沥,甘寒，心肺肝,清热滑痰，定惊利窍,1.肺热痰壅咳喘，2.中风痰迷，惊痫癫狂
天竺黄,甘，寒，心肝,清化热痰，清心定惊,用于痰热癫痫，中风痰壅，小儿痰热惊风，热病神昏等
海藻,咸寒，肝胃肾,消痰软坚，利水消肿,1、用于瘿瘤，瘰疬，睾丸肿痛2、用于脚气浮肿及水肿
昆布,咸寒，肝胃肾,消痰散结，利水消肿,1、、用于瘿瘤，瘰疬等证2、用于水肿、脚气浮肿等证
黄药子,苦寒，有小毒，肺肝,化痰软坚，散结消瘿，清热解毒，凉血止血,1.瘿瘤，2.疮疡肿毒，3.血热出血。
海蛤壳,苦咸寒，肺胃,清热化痰，软坚散结，制酸止痛,1.肺热，痰火之咳喘，2.痰核，瘿瘤，瘰疬，3.利水消肿
海浮石,咸寒，肺,清热化痰，软坚散结,1.痰热咳喘，2.瘿瘤，瘰疬，3。利尿通淋。
瓦楞子,咸平，肺胃肝,消痰软坚，化瘀散结，制酸止痛,1.顽痰积结，瘰疬，瘿瘤，2.癥瘕痞块，3.煅用可制酸止痛
礞石,肝咸平，肺肝,坠痰下气，平肝镇惊,1.顽痰，老痰胶结，气逆咳喘之实证，2.痰火内盛的癫狂，惊风
蔊菜,辛凉，肺肝,清肺化痰，清热解毒，活血通经，利湿退黄,1.痰热咳喘，2.血瘀闭经，跌打损伤，痹证，3.热毒疮痈，凄疮，咽喉肿痛，蛇伤。4.湿热黄疸，5.健胃消食，利水消肿。
苦杏仁,苦，微温；有小毒，肺大肠,止咳平喘 润肠通便,1、用于咳喘诸证2、用于肠燥便秘
苏子,辛，温，肺大肠,降气化痰，止咳平喘，润肠通便,1、用于痰壅气逆咳喘2、用于肠燥便秘
百部,甘苦，微温，肺,清肺止咳 杀虫灭虱,1、用于新久咳嗽，顿咳，肺痨咳嗽 2、用于蛲虫，阴道滴虫，头虱及疥癣等
紫菀,苦甘，微温，肺,润肺下气，化痰止咳,用于咳嗽有痰
款冬花,辛，温，肺,润肺下气，止咳化痰,用于多种咳嗽
马兜铃,苦微辛寒，肺大肠,清肺化痰 止咳平喘,用于肺热咳嗽
枇杷叶,苦，微寒，肺胃,清肺化痰止咳 降逆止呕,1、用于肺热咳嗽2、用于胃热呕逆
桑白皮,甘，寒，肺,泻肺平喘 利水消肿,用于肺热咳喘、水肿
葶苈子,苦、辛，大寒，肺膀胱,泻肺平喘 利水消肿,1、用于痰涎壅盛咳喘2、用于胸腹积水实证
白果,甘、苦、涩，平；有毒，肺,敛肺平喘 收涩止带 固精缩尿,1、用于咳喘咳嗽 2、用于带下，白浊，小便频数，遗尿等
矮地茶,苦辛平，肺肝,止咳平喘，清热利湿，活血化瘀,1.咳喘痰多证，2.黄疸，淋证，水肿，3.跌打损伤，风湿痹痛，闭经
洋金花,辛温，有毒，肺肝,止咳平喘，止痛，止痉,咳嗽哮喘，诸痛证，癫痫及慢惊风，麻醉
罗汉果,甘，凉，肺大肠,清热润肺，生津止渴，润肠通便,1、用于肺热燥咳2、用于邪热伤津，咽痛失声3、用于肠燥便秘
朱砂,甘，寒；有毒，心,镇心安神，清热解毒,1、用于心神不宁，心悸，失眠2、用于惊风、癫痫3、用于疮痈肿毒，咽喉肿痛，口舌生疮
磁石,咸，寒，心肝肾,镇惊安神，平肝潜阳， 聪耳明目，纳气定喘,1、用于心神不宁，惊悸，癫痫2、用于肝阳眩晕3、用于肝肾亏虚，目暗耳聋4、用于肾虚喘促
龙骨,甘、涩，平，心肝肾,镇惊安神，平肝潜阳， 收敛固涩,1、用于心神不宁，心悸失眠，惊痫癫狂2、用于肝阳眩晕3、用于滑脱诸证4、用于湿疮痒疹、疮疡久溃不愈
琥珀,甘，平，心肝膀胱,镇惊安神，活血散瘀， 利尿通淋,1、用于心神不宁，心悸失眠，惊风癫痫2、用于瘀血阻滞证3、用于淋证，癃闭
珍珠,甘、咸，寒，心肝,镇惊安神，明目祛翳， 收敛生肌,1、用于心神不宁，心悸失眠2、用于惊风，癫痫3用于目赤翳障，视物不清4、用于口舌生疮，咽喉溃烂，疮疡久溃不愈
酸枣仁,甘、酸，平，心肝胆,养心益肝，安神，敛汗,1、用于心悸失眠2、用于体虚多汗
柏子仁,甘，平，心肾大肠,养心安神，润肠通便,1、用于心悸失眠2、用于肠燥便秘
远志,苦、辛，微温，心肾肺,宁心安神，祛痰开窍，消散痈肿,1、用于惊悸，失眠健忘2、用于痰阻心窍，癫痫发狂3、用于咳嗽痰多4、用于痈疽疮毒，乳房肿痛
合欢花,甘平，心肝,安神解郁，活血消肿,1.忿怒忧郁，烦躁不眠，2.跌打骨折，血瘀肿痛及痈肿疮毒
首乌藤,甘，平，心肝,养心安神，祛风通络,1、用于虚烦不眠，多梦等证2、用于血虚身痛，风湿痹痛
灵芝,甘，平，心肾肺,安神补虚，祛痰止咳,1、用于心悸失眠，健忘多梦2、用于痰多咳嗽、喘促3、用于虚劳证
石决明,咸，寒，肝,平肝潜阳，清肝明目,1、用于肝阳上亢，头晕目眩2、用于目赤，翳障，视物昏花
珍珠母,咸，寒，肝心,平肝潜阳，清肝明目，镇心安神,1、用于肝阳上亢，头晕目眩2、用于目赤，视物昏花3、用于惊悸失眠，心神不宁
牡蛎,咸、涩，微寒，肝肾,平肝潜阳，软坚散结，收敛固涩,1、用于肝阳上亢，头晕目眩2、用于痰核，瘰疬，癥瘕积聚等证3、用于滑脱诸证4、用于胃痛泛酸
赭石,苦，寒，肝心,平肝潜阳，重镇降逆，凉血止血,1、用于肝阳上亢，头晕目眩2、用于呕吐，呃逆，噫气等证3、用于气逆喘息4、用于血热吐衄，崩漏
蒺藜,苦、辛，平，肝,平肝疏肝，祛风明目,1、用于肝阳上亢，头晕目眩2、用于肝郁气滞，胸胁胀痛及乳闭胀痛3、用于风热上攻，目赤翳障4、用于风疹搔痒、白癜风
罗布麻,甘苦凉，肝,平抑肝阳，清热，利尿,1、用于头晕目眩2、用于水肿、小便不利
紫贝齿,咸平，肝,平肝潜阳，镇惊安神，清肝明目,1.肝阳上亢，头晕目眩。2.惊悸失眠，3.目赤翳障。
羚羊角,咸，寒，肝心,平肝息风，清肝明目，清热解毒,1、用于肝风内动，惊痫抽搐2、用于肝阳上亢，头晕目眩3、用于肝火上炎，目赤头痛4、用于瘟热病壮热神昏，热毒发斑
牛黄,苦，凉，肝心,息风止痉，化痰开窍，清热解毒,1、用于瘟热病及小儿惊风之壮热神昏、惊厥抽搐2、用于温热病热入心包及中风、惊风、癫痫等痰热蒙蔽心窍所致之神昏、口噤、痰鸣等证3、用于咽喉肿痛、溃烂及痈疽疔毒等热毒壅滞郁结之证
钩藤,甘，微寒，肝心包,息风止痉， 清热平肝,1、用于肝风内动，惊痫抽搐2、用于头痛，眩晕
天麻,甘，平，肝,息风止痉，平抑肝阳，祛风通络,1、用于肝风内动，惊痫抽搐2、用于肝阳上亢，头痛眩晕3、用于肢麻痉挛抽搐，风湿顽痹
地龙,咸，寒，肝脾膀胱,清热息风，通络，平喘，利尿,1、用于高热惊痫、癫狂2、用于气虚血滞，半身不遂3、用于痹证4、用于肺热哮喘5、用于热结膀胱，小便不利或尿闭不通
全蝎,辛，平；有毒，肝,息风止痉，攻毒散结，通络止痛,1、用于痉挛抽搐2、用于疮疡肿毒，瘰疬结核3、用于风湿顽痹、顽固性偏正头痛
蜈蚣,辛，温；有毒，肝,息风止痉，攻毒散结，通络止痛,1、用于痉挛抽搐2、用于疮疡肿毒、瘰疬、结核3、用于风湿顽痹4、用于顽固性头痛
僵蚕,咸、辛，平肝肺,息风止痉，祛风止痛，化痰散结,1、用于惊痫抽搐2、用于风中经络，口眼斜3、用于风热头痛、目赤、咽肿或风疹搔痒4、用于痰核、瘰疬
麝香,辛，温，心脾,开窍醒神，活血痛经， 止痛，催产,1、用于闭证神昏2、拥有图疮疡肿毒，咽喉肿痛3、用于血瘀经闭，癥瘕，心腹暴痛，跌打损伤，风寒湿痹等证4、用于难产，死胎，胞衣不下
冰片,辛苦微寒，心脾肺,开窍醒神，清热止痛,1.闭证神昏，2.目赤肿痛，3.疮疡肿痛，溃后不敛。
苏合香,辛温，心脾,开窍醒神，辟秽止痛,1、用于寒闭神昏2、用于胸腹冷痛，满闷
石菖蒲,辛、苦，温，心胃,开窍宁神，化湿和胃,1、用于痰湿蒙蔽清窍之神昏、癫痫、头晕、耳鸣2、用于湿阻中焦，脘腹胀闷，痞塞疼痛
蟾酥,辛，温，心,开窍醒神，止痛， 解毒,1、用于痧胀腹痛，吐泻，神昏2、用于恶疮、瘰疬、咽喉肿痛及各种牙痛
安息香,辛、苦，平，心脾,开窍醒神，祛痰辟秽， 行气活血，止痛,1、用于闭证神昏2、用于心腹疼痛
人参,甘、微苦，微温，心肺脾,大补元气，补脾益肺，生津止渴，安神益智,1、用于气虚欲脱，脉微欲绝的危重症候2、用于肺气虚弱得短气喘促，懒言声微，脉虚自汗等证3、用于脾气不足的倦怠乏力，食少便溏等证4、用于热病气津两伤之身热口渴及消渴等证5、用于气血亏虚的心悸，失眠，健忘等证
西洋参,苦、微甘，寒，心肺胃,补气养阴，清火生津,1、用于阴虚火旺、肺失清肃的喘咳痰血证2、用于热病气阴两伤之烦倦，口渴
党参,甘，平，脾肺,补中益气，生津， 养血,1、用于中气不足的食少便溏、四肢倦怠等证2、用于肺气亏虚的气短咳喘、言语无力、声音低弱等证3、用于热伤气津，气短口渴之证4、用于气血两亏的面色萎黄，头晕心悸等证
太子参,甘、微苦，平，脾肺,补气生津,1、用于脾气虚弱、胃阴不足的食少倦怠2、用于气虚津伤的肺虚燥咳及心悸不眠、虚热汗多
黄芪,甘，微温，脾肺,补气升阳，益卫固表，利水消肿，托疮生肌,1、用于脾胃气虚及中气下陷诸证2、用于肺气虚及表虚自汗，气虚外感诸证3、用于气虚水湿失运的浮肿，小便不利4、用于气血不足，疮疡内陷的脓成不溃或溃久不敛5、用于气虚血亏的面色萎黄、神倦脉虚等6、用于气虚不能摄血的便血、崩漏等7、用于气虚血滞不行的关节痹痛、肢体麻木或半身不遂等8、用于气虚津亏的消渴证
白术,苦、甘，温，脾胃,补气健脾，燥湿利水，固表止汗，安胎,1、用于脾胃气虚、运化无力的食少便溏、脘腹胀满、肢软神疲等证2、用于脾虚失运，水湿内停之痰饮，水肿，小便不利等3、用于脾虚气弱，肌表不固而自汗4、用于脾虚气弱，胎动不安之证
山药,甘，平，脾肺肾,益气养阴，补脾肺肾，固精止遗,1、用于脾胃虚弱证2、用于肺肾虚弱证3、用于阴虚内热，口渴多饮，小便频数的消渴证
刺五加,辛、微苦，温，脾肺肾,健脾益气，补肾强腰，养心安神，化痰平喘,1、用于脾肺气虚证2、用于肾虚腰膝酸软证3、用于心脾两虚证
绞股蓝,苦肝寒，脾肺,健脾益气，化痰止咳，清热解毒,1.脾虚之多种兼夹证候，2.痰浊阻肺证，3.热毒证。
红景天,甘涩寒，脾肺,健脾益气，清肺止咳，活血化瘀,1.脾气虚证，2.肺热证，3.血瘀证
白扁豆,甘，微温，脾胃,健脾化湿，和中消暑，解毒,1、用于脾虚湿盛、运化失常之食少便溏或泄泻及脾虚而湿浊下注之白带过多等证2、用于暑湿吐泻3、用于食物中毒
甘草,甘，平，心肺脾胃,益气补中，清热解毒，祛痰止咳，缓急止痛，调和药性,1、用于心气不足的心动悸，脉结代，与脾气虚弱的倦怠乏力，食少便溏等2、用于痰多咳嗽3、用于脘腹及四肢挛急作痛4、用于药性峻猛的方剂中5、用于热毒疮疡，咽喉肿痛及药物、食物中毒等
大枣,甘，温，脾胃,补中益气，养血安神，缓和药性,1、用于脾虚食少便溏，倦怠乏力等证2、用于血虚萎黄及妇女脏燥，神志不安等证3、用于药性较峻烈的方剂中，可以减少烈性药的副作用，并保护正气
饴糖,甘，温，脾胃肺,益气补中，缓急止痛，润肺止咳,1、用于中虚里急，脘腹疼痛2、用于肺虚干咳少痰
蜂蜜,甘，平，脾大肠,补中缓急，润燥，解毒,1、用于中虚脘腹疼痛2、用于肺虚燥咳及肠燥便秘3、用于乌头类毒药之解毒
鹿茸,甘、咸，温，肾肝,壮肾阳，益精血，强筋骨，调冲任，固带脉，托疮毒,1、用于肾阳不足，精血亏虚的阳痿早泄，宫寒不孕，尿频不禁，头晕耳鸣，腰膝酸痛，肢冷神疲等证2、用于肝肾不足的筋骨痿软，小儿发育不良，囟门过期不合，齿迟，行迟等3、用于冲任虚寒，带脉不固的崩漏不止，带下过多4、用于疮疡久溃不敛，脓出清稀，或阴疽内陷不起
巴戟天,甘、辛，微温，肾肝,壮肾阳，益精血，强筋骨，祛风湿,1、用于肾阳虚弱的阳痿，不孕，月经不调，少腹冷痛等证2、用于肝肾不足的筋骨痿软，腰膝疼痛，或风湿久痹，步履艰难
淫羊藿,辛、甘，温，肝肾,温肾壮阳，强筋骨，祛风湿,1、用于肾阳虚的阳痿，不孕及尿频等证2、用于肝肾不足的筋骨痹痛，风湿拘挛麻木等证
仙茅,辛，热；有毒，肾肝脾,温肾壮阳，强筋骨，祛风湿，温脾止泻,1、用于肾阳不足，命门火衰的阳痿精冷、遗尿尿频2、用于肾虚腰膝痿软、筋骨冷痛，或寒湿久痹3、用于脾肾阳虚的脘腹冷痛，泄泻等
补骨脂,辛、苦，温，肾脾,补肾助阳，固精缩尿，暖脾止泻，纳气平喘,1、用于肾阳不足，命门火衰之腰膝冷痛，阳痿，遗精，尿频等证2、用于脾肾阳虚泄泻3、用于肾不纳气的虚喘
益智,辛，温，肾脾,补肾助阳，固精缩尿，温脾止泻，开胃摄唾,1、用于肾气虚寒之遗精滑精，遗尿尿频等2、用于脾寒泄泻，腹中冷痛，口多涎唾等
海狗肾,咸热，肾,暖肾壮阳，益精补髓,主要用于肾阳衰惫的阳痿精冷，腰膝酸软，及精少不育。
雄蚕蛾,咸温，肝肾,补肾助阳，固精止遗，止血生肌。,1.肾阳不足，肾气不固之阳痿，遗精及不育不孕，2.金疮，疮痈。
海马,甘咸温，肾肝,补肾壮阳，活血散结，消肿止痛,1.肾阳虚衰的阳痿精少，遗尿，尿频，2.癥瘕积聚及跌打损伤。3.内服治疗肾虚作喘，外用阴疽疮肿，外伤出血。
肉苁蓉,甘、咸，温，肾大肠,补肾阳，益精血，润肠通便,1、用于肾阳不足，精血亏虚的阳痿，不孕，腰膝酸软，筋骨无力2、用于肠燥便秘
锁阳,甘温，肝肾大肠,补肾阳，益精血，润肠通便,1.肾阳虚衰的阳痿，不孕，腰膝痿软，2.精血津液亏耗的肠燥便秘。
冬虫夏草,甘，平，肺肾,益肾壮阳，补肺平喘，止血化痰,1、用于肾虚腰痛，阳痿遗精2、用于肺虚或肺肾两虚之久咳虚喘，劳嗽痰血
紫河车,甘、咸，温，心肺肾,温肾补精，益气养血,1、用于肾气不足，精血亏虚的不孕，阳痿，遗精，腰酸，头晕，耳鸣等证2、用于肺肾两虚的喘嗽3、用于气血不足，萎黄消瘦，产后少乳等
蛤蚧,咸，平，肺肾,助肾阳，益精血，补肺气，定喘嗽,1、用于肾阳不足，精血亏虚的阳痿2、用于肺肾两虚，肾不纳气的虚喘久嗽
菟丝子,甘，温，肝肾脾,补肾固精，养肝明目，止泻，安胎,1、用于肾虚腰痛，阳痿遗精，尿频，带下等证2、用于肝肾不足，目失所养而致目昏目暗，视力减退之证3、用于脾肾虚泄4、用于肝肾不足的胎动不安
沙苑子,甘，温，肝肾,补肾固精，养肝明目,1、用于肾虚阳痿，遗精早泄，小便遗沥，白带过多及腰痛等2、用于肝肾不足的眩晕目昏
杜仲,甘，温，肝肾,补肝肾，强筋骨，安胎,1、用于肝肾不足的腰膝酸痛，下肢痿软及阳痿，尿频等证2、用于肝肾亏虚，下元虚冷的妊娠下血，胎动不安，或习惯性流产等
续断,苦、甘、辛，微温，肝肾,补肝肾，强筋骨，止血安胎，疗伤续折,1、用于肝肾不足，腰痛脚弱，风湿痹痛，及跌打损伤，骨折，肿痛等证2、用于肝肾虚弱，冲任失调的胎动欲坠或崩漏经多等
韭菜子,辛、甘，温，肾肝,温补肝肾，壮阳固精,1、用于肾阳虚弱阳痿遗精，遗尿尿频，白带过多等证2、用于肝肾不足的腰膝酸软冷痛
阳起石,咸温，肾,温肾壮阳,肾阳虚的阳痿，宫冷，腰膝冷痹。
核桃仁,甘，温，肾肺大肠,补肾益肺，纳气定喘，润肠通便,1、用于肺肾两虚的喘咳证2、用于肾阳不足的腰膝酸痛，遗精尿频3、用于肠燥便秘
葫芦巴,苦温，肝肾,温肾助阳，祛寒止痛,1.肾阳虚衰之阳痿，滑泄，2.肾阳不足，寒湿凝滞下焦的疝痛，经寒腹痛及寒湿脚气等。
当归,甘、辛，温，肝心脾,补血，活血，调经，止痛，润肠,1、用于血虚诸证2、用于血虚或血虚而兼有瘀滞的月经不调，痛经，经闭等证3、用于血虚，血滞或寒滞，以及跌打损伤，风湿痹阻的疼痛证4、用于痈疽疮痈5、用于血虚肠燥便秘
熟地黄,甘，微温，肝肾,补血滋阴，益精填髓,1、用于血虚萎黄，眩晕，心悸失眠，月经不调，崩漏等证2、用于肾阴不足的潮热骨蒸、盗汗、遗精、消渴等3、用于肝肾精血亏虚的腰膝酸软，眩晕耳鸣，须发早白等
白芍,苦、酸、甘，微寒，肝脾,养血调经，平肝止痛，敛阴止汗,1、用于血虚或阴虚有热的月经不调，崩漏等证2、用于肝阴不足，肝气不舒或肝阳偏亢的头痛、眩晕、胁肋疼痛、脘腹四肢拘挛作痛等证3、用于阴虚盗汗，及营卫不和的表虚自汗证
制何首乌,甘、涩，微温 肝肾,补益精血，固肾乌须,1、用于血虚而见头晕目眩，心悸失眠，萎黄乏力，及肝肾精血亏虚的眩晕耳鸣，腰膝酸软，遗精崩带，须发早白等证2、用于体虚久疟，肠燥便秘及痈疽瘰疬等证
生何首乌,甘、苦，平，心肝大肠,截虐，解毒，润肠通便,1、用于血虚而见头晕目眩，心悸失眠，萎黄乏力，及肝肾精血亏虚的眩晕耳鸣，腰膝酸软，遗精崩带，须发早白等证2、用于体虚久疟，肠燥便秘及痈疽瘰疬等证
阿胶,甘，平，肺肝肾,补血，止血，滋阴润燥,1、用于血虚萎黄，眩晕，心悸等2、用于多种出血证3、用于阴虚证及燥证
龙眼肉,甘，温，心脾,补益心脾，养血安神,用于心脾虚损，心血不足的心悸、失眠、健忘等
北沙参,甘、微苦，微寒，肺胃,养阴清肺，益胃生津,1、用于肺阴虚的肺热燥咳，干咳少痰，或痨嗽久咳，咽干音哑等2、用于胃阴虚或热伤胃阴，津液不足的口渴咽干、舌质红绛，或胃脘隐痛、嘈杂、干呕等
南沙参,甘，微寒，肺胃,养阴清肺，祛痰，益气,1、用于肺阴虚的燥热咳嗽，见干咳少痰，或痰粘不易咯出者2、用于热病后气津不足或脾胃虚弱，而见咽干口燥，舌红少津，食少不饥者
麦冬,甘、微苦，微寒，心肺胃,养阴润肺，益胃生津，清心除烦,1、用于肺阴不足，而有燥热的干咳痰粘、劳嗽咳血等2、用于胃阴虚或热伤胃阴，口渴咽干，大便燥结等3、用于心阴虚及温病热邪扰及心营，心烦不眠，舌绛而干等
天冬,甘、苦，寒，肺肾,养阴润燥，清火， 生津,1、用于阴虚肺热的燥咳或劳嗽咯血2、用于肾阴不足，阴虚火旺的潮热盗汗、遗精，内热消渴，肠燥便秘等证
百合,甘，微寒，肺心,养阴润肺止咳，清心安神,1、用于肺阴虚的燥热咳嗽及劳嗽久咳，痰中带血等2、用于热病余热未清之虚烦惊悸，失眠多梦等
石斛,甘，微寒，胃肾,养阴清热，益胃生津,1、用于热病伤津之低热烦渴、阴虚虚热不退等证2、用于胃阴不足等证
玉竹,甘微寒，肺胃,养阴润燥，生津止渴,1、用于阴虚肺燥的干咳少痰2、用于热病烦渴及消渴等
黄精,甘，平，脾肺肾,滋肾润肺，补脾益气,1、用于肺燥干咳少痰、阴虚劳嗽久咳等2、用于脾胃虚弱证3、用于肾虚精亏的头晕，腰膝酸软，须发早白及消渴等
枸杞子,甘，平，肝肾,补肝肾，明目，润肺,1、用于肝肾不足的腰酸遗精，及头晕目眩，视力减退，内障目昏，消渴等2、用于阴虚劳嗽
桑椹,甘，寒，肝肾,滋阴补血，生津，润肠,1、用于阴血亏虚的头晕耳鸣，目暗昏花，失眠，须发早白，遗精等2、用于津伤口渴，内热消渴及肠燥便秘等
银耳,甘，平，肺胃,滋阴润肺，养胃生津,1、用于阴虚肺燥或虚劳久咳，干咳痰少，痰中带血等2、用于热病伤津或素体虚弱，胃阴不足，口渴咽干等
墨旱莲,甘酸寒，肝肾,补肝肾阴，凉血止血,1.肝肾阴虚的头晕目眩，须发早白，腰膝酸软，遗精耳鸣，2.阴虚血热的咯血，衄血，便血，尿血，崩漏。
女贞子,甘苦凉，肝肾,补肝肾阴，乌须明目,肝肾阴虚的目暗不明，视力减退，须发早白，腰酸耳鸣及阴虚发热。
黑芝麻,甘，平，肝肾大肠,补肝肾，益精血，润肠燥,1、用于肝肾精血不足的头晕眼花，须发早白等2、用于血虚津亏的肠燥便秘
龟甲,甘、咸，寒，肝肾心,滋阴潜阳，益肾健骨，固经止血，养血补心,1、用于阴虚内热，阴虚阳亢及热病阴虚风动等证2、用于肾虚骨痿，小儿囟门不合等证3、用治阴虚血热，冲任不固的崩漏、月经过多等4、用于心虚惊悸，失眠，健忘
鳖甲,咸，寒，肝肾,滋阴潜阳，软坚散结,1、用于阴虚发热，阴虚阳亢，阴虚风动等证2、用于癥瘕积聚，疟母等
麻黄根,甘，平，肺,收敛止汗,用于自汗，盗汗
浮小麦,甘，凉，心,止汗，益气，除热,1、用于自汗，盗汗2、用于骨蒸劳热
糯稻根须,甘，平，心肝肺,止汗退热，益胃生津,1、用于自汗，盗汗2、用于虚热不退，骨蒸潮热
五味子,酸、甘，温，肺肾心,敛肺滋肾，生津敛汗，涩精止泻，宁心安神,1、用于久咳虚喘2、用于津伤口渴，消渴3、用于自汗，盗汗4、用于遗精，滑精5、用于久泻不止6、用于心悸，失眠，多梦
乌梅,酸、涩，平，肝脾肺大肠,敛肺止咳，涩肠止泻，生津止渴，安蛔止痛,1、用于肺虚久咳2、用于久泻久痢3、用于虚热消渴4、用于蛔厥腹痛，呕吐
五倍子,酸、涩，寒，肺大肠肾,敛肺降火，涩肠止泻，固精止遗，敛汗止血,1、用于肺虚久咳，肺热咳嗽2、用于久泻，久痢3、用于遗精，滑精4、用于自汗，盗汗5、用于崩漏下血，便血，尿血等出血证
诃子,苦、酸、涩，平，肺大肠,涩肠止泻，敛肺止咳，利咽开音,1、用于久泻，久痢，脱肛2、用于肺虚久咳或久咳失音
石榴皮,酸涩温，大肠,涩肠止泻，杀虫。,1.久泻，久痢，脱肛，2.虫积腹痛，3.涩精，止血，止带。
肉豆蔻,辛温，脾胃大肠,涩肠止泻，温中行气,1、用于久泻，久痢2、用于胃寒胀痛，食少呕吐
赤石脂,甘酸涩温，大肠胃,涩肠止泻，收敛止血，敛疮生肌,1.久泻久痢。2.崩漏，带下，便血，3.疮疡不敛，湿疹，湿疮。
禹余粮,甘涩平，胃大肠,涩肠止泻，收敛止血。止带,久泻久痢。崩漏，带下。
山茱萸,酸，涩，微温，肝肾,补益肝肾，收敛固涩,1、用于肝肾亏虚之头晕目眩，腰膝酸软，阳痿等证2、用于遗精滑精，遗尿尿频3、用于崩漏下血，月经过多4、用于大汗不止，体虚欲脱证
覆盆子,甘、酸，微温，肝肾,固精缩尿，益肾养肝,1、用于肾虚不固之遗精滑精，遗尿尿频2、用于肝肾不足，目暗不明
桑螵蛸,甘咸，平，肝肾,固精缩尿，补肾助阳,1、用于遗精滑精，遗尿尿频2、用于肾虚阳痿
金樱子,酸涩平，肾膀胱大肠,固精缩尿，涩肠止泻,1.遗精滑精，遗尿尿频，白带过多，2.久泻久痢。
莲子,甘、涩，平，脾肾心,补脾止泻，固涩止带，益肾固精，养心安神,1、用于脾虚泄泻，食欲不振2、用于肾虚遗精，滑精3、用于带下证4、用于虚烦，失眠，惊悸
芡实,甘、涩，平，脾肾,补脾止泻，益肾固精，除湿止带,1、用于脾虚止泻2、用于肾虚遗精滑精，遗尿，白浊3、用于带下证
海螵蛸,咸、涩，微温，肝肾,固精止带，收敛止血，制酸止痛，收湿敛疮,1、用于遗精，带下2、用于崩漏下血，肺胃出血，创伤出血3、用于胃痛吐酸4、湿疮，湿疹，溃疡不敛
常山,苦、辛，寒；有毒，肺心肝,涌吐痰涎，截疟,1、用于胸中痰饮2、用于疟疾
瓜蒂,苦，寒；有毒，胃,涌吐痰湿，祛湿退黄,1、用于痰热壅滞，宿食停滞证2、用于湿热黄疸，湿家头痛
胆矾,酸、涩、辛，寒；有毒，肝胆,涌吐痰涎，解毒收湿，祛腐蚀疮,1、用于风痰壅盛，喉痹，癫痫，误食毒物2、用于风眼赤烂，口疮，牙疳3、用于肿毒不溃，胬肉疼痛
藜芦,辛、苦，寒；有毒，肺胃肝,涌吐风痰，杀虫疗疮,1、用于中风，癫痫，喉痹2、用于疥癣秃疮
雄黄,辛温有毒，心肝胃,解毒，杀虫,1、用于痈肿疔疮，湿疹，疥癣，虫蛇咬伤2、用于虫积腹痛
硫黄,酸，温；有毒，肾大肠,外用解毒杀虫止痒；内服补火壮阳通便,1、用于疥癣，湿疹，皮肤瘙痒2、用于肾虚寒喘，阳痿，虚冷便秘
蛇床子,辛、苦，温，肾,杀虫止痒，祛风燥湿，温肾壮阳,1、用于阴部湿痒，湿疹，疥癣2、用于寒湿带下，湿痹腰痛3、用于阳痿，宫冷不孕
蜂房,甘，平，肝胃,攻毒杀虫，祛风止痒，祛风止痛,1、用于痈疽，瘰疬，癣疮2、用于风湿痹痛，瘾疹瘙痒，牙痛
大蒜,辛，温，脾胃肺,解毒杀虫，消肿，止痢,1、用于痈肿疮毒，疥癣2、用于肺痨，百日咳，泻痢3、用于钩虫，蛲虫证
樟脑,辛热；有毒，心脾,外用除湿杀虫，温散止痛；内服开窍辟秽,1、用于疥癣，湿疮2、用于牙痛，跌打损伤3、用于痧胀腹痛，吐泻，神昏
炉甘石,甘，平，肝胃,解毒明目退翳，收湿生肌敛疮,1、用于目赤翳障，烂弦风眼2、用于溃疡不敛，皮肤湿疮
升药,辛，热；有大毒,拔毒化腐,用于痈疽溃后
轻粉,辛，寒；有大毒,外用攻毒，杀虫，敛疮；内服利水通便,1、用于疥癣，梅毒，疮痈溃烂2、用于水肿臌胀，二便不利
砒石,辛，热；有大毒,外用蚀疮去腐；内服截疟，劫痰平喘,1、用于瘰疬，疥癣，牙疳，痔疮，溃疡腐肉不脱2、用于寒痰哮喘3、用于疟疾
